timestamp,Power,heart_rate
2019-08-21 03:24:16,201.0,119.0
2019-08-21 03:24:17,210.0,120.0
2019-08-21 03:24:18,216.0,122.0
2019-08-21 03:24:19,231.0,122.0
2019-08-21 03:24:20,231.0,121.0
2019-08-21 03:24:21,234.0,120.0
2019-08-21 03:24:22,261.0,119.0
2019-08-21 03:24:23,283.0,119.0
2019-08-21 03:24:24,287.0,119.0
2019-08-21 03:24:25,290.0,120.0
2019-08-21 03:24:26,293.0,120.0
2019-08-21 03:24:27,297.0,121.0
2019-08-21 03:24:28,299.0,122.0
2019-08-21 03:24:29,301.0,122.0
2019-08-21 03:24:30,300.0,123.0
2019-08-21 03:24:31,299.0,123.0
2019-08-21 03:24:32,299.0,123.0
2019-08-21 03:24:33,298.0,124.0
2019-08-21 03:24:34,299.0,124.0
2019-08-21 03:24:35,295.0,124.0
2019-08-21 03:24:36,295.0,125.0
2019-08-21 03:24:37,296.0,125.0
2019-08-21 03:24:38,298.0,125.0
2019-08-21 03:24:39,299.0,126.0
2019-08-21 03:24:40,299.0,126.0
2019-08-21 03:24:41,301.0,126.0
2019-08-21 03:24:42,301.0,127.0
2019-08-21 03:24:43,300.0,127.0
2019-08-21 03:24:44,298.0,127.0
2019-08-21 03:24:45,296.0,127.0
2019-08-21 03:24:46,296.0,127.0
2019-08-21 03:24:47,292.0,127.0
2019-08-21 03:24:48,288.0,127.0
2019-08-21 03:24:49,288.0,127.0
2019-08-21 03:24:50,286.0,127.0
2019-08-21 03:24:51,288.0,128.0
2019-08-21 03:24:52,287.0,128.0
2019-08-21 03:24:53,289.0,128.0
2019-08-21 03:24:54,289.0,128.0
2019-08-21 03:24:55,288.0,128.0
2019-08-21 03:24:56,289.0,128.0
2019-08-21 03:24:57,294.0,128.0
2019-08-21 03:24:58,298.0,128.0
2019-08-21 03:24:59,296.0,129.0
2019-08-21 03:25:00,294.0,129.0
2019-08-21 03:25:01,297.0,130.0
2019-08-21 03:25:02,298.0,130.0
2019-08-21 03:25:03,303.0,129.0
2019-08-21 03:25:04,302.0,129.0
2019-08-21 03:25:05,303.0,129.0
2019-08-21 03:25:06,301.0,130.0
2019-08-21 03:25:07,303.0,130.0
2019-08-21 03:25:08,304.0,130.0
2019-08-21 03:25:09,305.0,131.0
2019-08-21 03:25:10,307.0,131.0
2019-08-21 03:25:11,308.0,131.0
2019-08-21 03:25:12,308.0,132.0
2019-08-21 03:25:13,306.0,132.0
2019-08-21 03:25:14,303.0,132.0
2019-08-21 03:25:15,302.0,132.0
2019-08-21 03:25:16,304.0,133.0
2019-08-21 03:25:17,304.0,133.0
2019-08-21 03:25:18,301.0,133.0
2019-08-21 03:25:19,299.0,133.0
2019-08-21 03:25:20,299.0,134.0
2019-08-21 03:25:21,298.0,134.0
2019-08-21 03:25:22,297.0,134.0
2019-08-21 03:25:23,294.0,134.0
2019-08-21 03:25:24,293.0,134.0
2019-08-21 03:25:25,292.0,134.0
2019-08-21 03:25:26,291.0,134.0
2019-08-21 03:25:27,292.0,134.0
2019-08-21 03:25:28,291.0,133.0
2019-08-21 03:25:29,291.0,133.0
2019-08-21 03:25:30,288.0,133.0
2019-08-21 03:25:31,290.0,134.0
2019-08-21 03:25:32,290.0,135.0
2019-08-21 03:25:33,290.0,135.0
2019-08-21 03:25:34,290.0,135.0
2019-08-21 03:25:35,290.0,136.0
2019-08-21 03:25:36,290.0,136.0
2019-08-21 03:25:37,292.0,137.0
2019-08-21 03:25:38,290.0,136.0
2019-08-21 03:25:39,292.0,136.0
2019-08-21 03:25:40,290.0,135.0
2019-08-21 03:25:41,286.0,135.0
2019-08-21 03:25:42,284.0,135.0
2019-08-21 03:25:43,283.0,134.0
2019-08-21 03:25:44,285.0,135.0
2019-08-21 03:25:45,285.0,136.0
2019-08-21 03:25:46,285.0,137.0
2019-08-21 03:25:47,288.0,137.0
2019-08-21 03:25:48,294.0,137.0
2019-08-21 03:25:49,297.0,136.0
2019-08-21 03:25:50,297.0,135.0
2019-08-21 03:25:51,297.0,135.0
2019-08-21 03:25:52,294.0,135.0
2019-08-21 03:25:53,294.0,135.0
2019-08-21 03:25:54,295.0,134.0
2019-08-21 03:25:55,295.0,134.0
2019-08-21 03:25:56,294.0,134.0
2019-08-21 03:25:57,294.0,134.0
2019-08-21 03:25:58,292.0,134.0
2019-08-21 03:25:59,290.0,134.0
2019-08-21 03:26:00,285.0,134.0
2019-08-21 03:26:01,284.0,134.0
2019-08-21 03:26:02,282.0,134.0
2019-08-21 03:26:03,282.0,134.0
2019-08-21 03:26:04,286.0,133.0
2019-08-21 03:26:05,287.0,133.0
2019-08-21 03:26:06,280.0,133.0
2019-08-21 03:26:07,280.0,133.0
2019-08-21 03:26:08,280.0,133.0
2019-08-21 03:26:09,282.0,133.0
2019-08-21 03:26:10,283.0,132.0
2019-08-21 03:26:11,285.0,132.0
2019-08-21 03:26:12,283.0,133.0
2019-08-21 03:26:13,283.0,133.0
2019-08-21 03:26:14,283.0,133.0
2019-08-21 03:26:15,286.0,134.0
2019-08-21 03:26:16,286.0,134.0
2019-08-21 03:26:17,287.0,134.0
2019-08-21 03:26:18,287.0,134.0
2019-08-21 03:26:19,288.0,133.0
2019-08-21 03:26:20,289.0,133.0
2019-08-21 03:26:21,289.0,133.0
2019-08-21 03:26:22,289.0,133.0
2019-08-21 03:26:23,291.0,133.0
2019-08-21 03:26:24,289.0,133.0
2019-08-21 03:26:25,289.0,134.0
2019-08-21 03:26:26,289.0,135.0
2019-08-21 03:26:27,290.0,135.0
2019-08-21 03:26:28,289.0,134.0
2019-08-21 03:26:29,287.0,134.0
2019-08-21 03:26:30,286.0,134.0
2019-08-21 03:26:31,286.0,134.0
2019-08-21 03:26:32,283.0,134.0
2019-08-21 03:26:33,282.0,135.0
2019-08-21 03:26:34,282.0,135.0
2019-08-21 03:26:35,282.0,135.0
2019-08-21 03:26:36,286.0,135.0
2019-08-21 03:26:37,287.0,135.0
2019-08-21 03:26:38,289.0,135.0
2019-08-21 03:26:39,288.0,135.0
2019-08-21 03:26:40,286.0,135.0
2019-08-21 03:26:41,286.0,135.0
2019-08-21 03:26:42,284.0,135.0
2019-08-21 03:26:43,284.0,135.0
2019-08-21 03:26:44,284.0,136.0
2019-08-21 03:26:45,281.0,136.0
2019-08-21 03:26:46,281.0,136.0
2019-08-21 03:26:47,283.0,136.0
2019-08-21 03:26:48,286.0,135.0
2019-08-21 03:26:49,285.0,135.0
2019-08-21 03:26:50,289.0,136.0
2019-08-21 03:26:51,295.0,136.0
2019-08-21 03:26:52,295.0,137.0
2019-08-21 03:26:53,300.0,137.0
2019-08-21 03:26:54,304.0,137.0
2019-08-21 03:26:55,304.0,137.0
2019-08-21 03:26:56,305.0,137.0
2019-08-21 03:26:57,306.0,137.0
2019-08-21 03:26:58,306.0,137.0
2019-08-21 03:26:59,307.0,137.0
2019-08-21 03:27:00,316.0,137.0
2019-08-21 03:27:01,316.0,137.0
2019-08-21 03:27:02,310.0,138.0
2019-08-21 03:27:03,310.0,139.0
2019-08-21 03:27:04,310.0,139.0
2019-08-21 03:27:05,302.0,140.0
2019-08-21 03:27:06,302.0,140.0
2019-08-21 03:27:07,304.0,140.0
2019-08-21 03:27:08,306.0,140.0
2019-08-21 03:27:09,309.0,139.0
2019-08-21 03:27:10,310.0,139.0
2019-08-21 03:27:11,311.0,138.0
2019-08-21 03:27:12,310.0,138.0
2019-08-21 03:27:13,310.0,138.0
2019-08-21 03:27:14,310.0,139.0
2019-08-21 03:27:15,304.0,140.0
2019-08-21 03:27:16,304.0,140.0
2019-08-21 03:27:17,301.0,140.0
2019-08-21 03:27:18,301.0,140.0
2019-08-21 03:27:19,300.0,140.0
2019-08-21 03:27:20,296.0,139.0
2019-08-21 03:27:21,296.0,139.0
2019-08-21 03:27:22,303.0,139.0
2019-08-21 03:27:23,297.0,139.0
2019-08-21 03:27:24,297.0,138.0
2019-08-21 03:27:25,295.0,138.0
2019-08-21 03:27:26,295.0,138.0
2019-08-21 03:27:27,294.0,139.0
2019-08-21 03:27:28,290.0,139.0
2019-08-21 03:27:29,290.0,139.0
2019-08-21 03:27:30,286.0,139.0
2019-08-21 03:27:31,289.0,139.0
2019-08-21 03:27:32,288.0,138.0
2019-08-21 03:27:33,284.0,139.0
2019-08-21 03:27:34,284.0,139.0
2019-08-21 03:27:35,281.0,139.0
2019-08-21 03:27:36,281.0,139.0
2019-08-21 03:27:37,286.0,139.0
2019-08-21 03:27:38,289.0,139.0
2019-08-21 03:27:39,289.0,139.0
2019-08-21 03:27:40,288.0,138.0
2019-08-21 03:27:41,289.0,138.0
2019-08-21 03:27:42,290.0,139.0
2019-08-21 03:27:43,287.0,140.0
2019-08-21 03:27:44,287.0,140.0
2019-08-21 03:27:45,290.0,139.0
2019-08-21 03:27:46,292.0,138.0
2019-08-21 03:27:47,292.0,138.0
2019-08-21 03:27:48,291.0,138.0
2019-08-21 03:27:49,295.0,137.0
2019-08-21 03:27:50,297.0,137.0
2019-08-21 03:27:51,301.0,137.0
2019-08-21 03:27:52,288.0,138.0
2019-08-21 03:27:53,289.0,139.0
2019-08-21 03:27:54,292.0,140.0
2019-08-21 03:27:55,294.0,141.0
2019-08-21 03:27:56,293.0,140.0
2019-08-21 03:27:57,292.0,140.0
2019-08-21 03:27:58,287.0,140.0
2019-08-21 03:27:59,286.0,140.0
2019-08-21 03:28:00,288.0,141.0
2019-08-21 03:28:01,285.0,140.0
2019-08-21 03:28:02,285.0,140.0
2019-08-21 03:28:03,285.0,141.0
2019-08-21 03:28:04,285.0,141.0
2019-08-21 03:28:05,285.0,142.0
2019-08-21 03:28:06,286.0,142.0
2019-08-21 03:28:07,287.0,141.0
2019-08-21 03:28:08,289.0,141.0
2019-08-21 03:28:09,285.0,141.0
2019-08-21 03:28:10,285.0,141.0
2019-08-21 03:28:11,285.0,142.0
2019-08-21 03:28:12,284.0,142.0
2019-08-21 03:28:13,286.0,142.0
2019-08-21 03:28:14,290.0,142.0
2019-08-21 03:28:15,295.0,142.0
2019-08-21 03:28:16,295.0,142.0
2019-08-21 03:28:17,298.0,141.0
2019-08-21 03:28:18,299.0,141.0
2019-08-21 03:28:19,299.0,141.0
2019-08-21 03:28:20,294.0,140.0
2019-08-21 03:28:21,287.0,140.0
2019-08-21 03:28:22,284.0,140.0
2019-08-21 03:28:23,280.0,141.0
2019-08-21 03:28:24,277.0,141.0
2019-08-21 03:28:25,273.0,141.0
2019-08-21 03:28:26,268.0,141.0
2019-08-21 03:28:27,269.0,141.0
2019-08-21 03:28:28,269.0,140.0
2019-08-21 03:28:29,265.0,140.0
2019-08-21 03:28:30,262.0,140.0
2019-08-21 03:28:31,259.0,140.0
2019-08-21 03:28:32,258.0,140.0
2019-08-21 03:28:33,258.0,140.0
2019-08-21 03:28:34,251.0,140.0
2019-08-21 03:28:35,250.0,140.0
2019-08-21 03:28:36,250.0,140.0
2019-08-21 03:28:37,252.0,139.0
2019-08-21 03:28:38,256.0,139.0
2019-08-21 03:28:39,260.0,139.0
2019-08-21 03:28:40,263.0,139.0
2019-08-21 03:28:41,266.0,139.0
2019-08-21 03:28:42,271.0,139.0
2019-08-21 03:28:43,280.0,139.0
2019-08-21 03:28:44,283.0,139.0
2019-08-21 03:28:45,289.0,139.0
2019-08-21 03:28:46,289.0,139.0
2019-08-21 03:28:47,294.0,139.0
2019-08-21 03:28:48,294.0,139.0
2019-08-21 03:28:49,295.0,139.0
2019-08-21 03:28:50,289.0,139.0
2019-08-21 03:28:51,286.0,139.0
2019-08-21 03:28:52,285.0,139.0
2019-08-21 03:28:53,284.0,139.0
2019-08-21 03:28:54,287.0,139.0
2019-08-21 03:28:55,284.0,139.0
2019-08-21 03:28:56,286.0,139.0
2019-08-21 03:28:57,284.0,139.0
2019-08-21 03:28:58,282.0,139.0
2019-08-21 03:28:59,282.0,139.0
2019-08-21 03:29:00,284.0,139.0
2019-08-21 03:29:01,285.0,139.0
2019-08-21 03:29:02,287.0,139.0
2019-08-21 03:29:03,285.0,139.0
2019-08-21 03:29:04,286.0,139.0
2019-08-21 03:29:05,285.0,138.0
2019-08-21 03:29:06,285.0,138.0
2019-08-21 03:29:07,286.0,138.0
2019-08-21 03:29:08,287.0,138.0
2019-08-21 03:29:09,290.0,137.0
2019-08-21 03:29:10,292.0,137.0
2019-08-21 03:29:11,294.0,137.0
2019-08-21 03:29:12,297.0,137.0
2019-08-21 03:29:13,298.0,138.0
2019-08-21 03:29:14,300.0,138.0
2019-08-21 03:29:15,298.0,139.0
2019-08-21 03:29:16,297.0,139.0
2019-08-21 03:29:17,296.0,139.0
2019-08-21 03:29:18,295.0,139.0
2019-08-21 03:29:19,296.0,139.0
2019-08-21 03:29:20,296.0,139.0
2019-08-21 03:29:21,296.0,140.0
2019-08-21 03:29:22,296.0,140.0
2019-08-21 03:29:23,294.0,141.0
2019-08-21 03:29:24,294.0,140.0
2019-08-21 03:29:25,294.0,140.0
2019-08-21 03:29:26,295.0,140.0
2019-08-21 03:29:27,295.0,140.0
2019-08-21 03:29:28,297.0,140.0
2019-08-21 03:29:29,298.0,139.0
2019-08-21 03:29:30,301.0,140.0
2019-08-21 03:29:31,301.0,141.0
2019-08-21 03:29:32,303.0,141.0
2019-08-21 03:29:33,301.0,141.0
2019-08-21 03:29:34,303.0,141.0
2019-08-21 03:29:35,303.0,142.0
2019-08-21 03:29:36,306.0,142.0
2019-08-21 03:29:37,306.0,143.0
2019-08-21 03:29:38,308.0,143.0
2019-08-21 03:29:39,310.0,143.0
2019-08-21 03:29:40,312.0,143.0
2019-08-21 03:29:41,311.0,143.0
2019-08-21 03:29:42,312.0,143.0
2019-08-21 03:29:43,311.0,144.0
2019-08-21 03:29:44,309.0,144.0
2019-08-21 03:29:45,308.0,144.0
2019-08-21 03:29:46,306.0,144.0
2019-08-21 03:29:47,305.0,144.0
2019-08-21 03:29:48,302.0,143.0
2019-08-21 03:29:49,298.0,144.0
2019-08-21 03:29:50,300.0,144.0
2019-08-21 03:29:51,299.0,145.0
2019-08-21 03:29:52,299.0,145.0
2019-08-21 03:29:53,303.0,145.0
2019-08-21 03:29:54,304.0,144.0
2019-08-21 03:29:55,308.0,144.0
2019-08-21 03:29:56,310.0,144.0
2019-08-21 03:29:57,312.0,144.0
2019-08-21 03:29:58,310.0,144.0
2019-08-21 03:29:59,307.0,144.0
2019-08-21 03:30:00,306.0,144.0
2019-08-21 03:30:01,306.0,144.0
2019-08-21 03:30:02,306.0,144.0
2019-08-21 03:30:03,308.0,144.0
2019-08-21 03:30:04,308.0,144.0
2019-08-21 03:30:05,308.0,144.0
2019-08-21 03:30:06,307.0,143.0
2019-08-21 03:30:07,305.0,143.0
2019-08-21 03:30:08,306.0,143.0
2019-08-21 03:30:09,306.0,144.0
2019-08-21 03:30:10,304.0,144.0
2019-08-21 03:30:11,302.0,145.0
2019-08-21 03:30:12,304.0,146.0
2019-08-21 03:30:13,305.0,146.0
2019-08-21 03:30:14,307.0,146.0
2019-08-21 03:30:15,306.0,147.0
2019-08-21 03:30:16,308.0,147.0
2019-08-21 03:30:17,312.0,147.0
2019-08-21 03:30:18,315.0,147.0
2019-08-21 03:30:19,315.0,147.0
2019-08-21 03:30:20,315.0,147.0
2019-08-21 03:30:21,316.0,147.0
2019-08-21 03:30:22,316.0,148.0
2019-08-21 03:30:23,319.0,149.0
2019-08-21 03:30:24,316.0,149.0
2019-08-21 03:30:25,316.0,148.0
2019-08-21 03:30:26,318.0,147.0
2019-08-21 03:30:27,318.0,146.0
2019-08-21 03:30:28,321.0,146.0
2019-08-21 03:30:29,324.0,146.0
2019-08-21 03:30:30,323.0,146.0
2019-08-21 03:30:31,323.0,147.0
2019-08-21 03:30:32,326.0,147.0
2019-08-21 03:30:33,326.0,148.0
2019-08-21 03:30:34,325.0,148.0
2019-08-21 03:30:35,325.0,148.0
2019-08-21 03:30:36,321.0,147.0
2019-08-21 03:30:37,318.0,147.0
2019-08-21 03:30:38,318.0,147.0
2019-08-21 03:30:39,315.0,148.0
2019-08-21 03:30:40,315.0,148.0
2019-08-21 03:30:41,313.0,148.0
2019-08-21 03:30:42,309.0,148.0
2019-08-21 03:30:43,306.0,148.0
2019-08-21 03:30:44,307.0,148.0
2019-08-21 03:30:45,307.0,148.0
2019-08-21 03:30:46,312.0,148.0
2019-08-21 03:30:47,313.0,147.0
2019-08-21 03:30:48,311.0,147.0
2019-08-21 03:30:49,311.0,147.0
2019-08-21 03:30:50,308.0,147.0
2019-08-21 03:30:51,307.0,147.0
2019-08-21 03:30:52,297.0,147.0
2019-08-21 03:30:53,297.0,146.0
2019-08-21 03:30:54,297.0,146.0
2019-08-21 03:30:55,302.0,146.0
2019-08-21 03:30:56,302.0,146.0
2019-08-21 03:30:57,304.0,146.0
2019-08-21 03:30:58,304.0,147.0
2019-08-21 03:30:59,309.0,147.0
2019-08-21 03:31:00,309.0,147.0
2019-08-21 03:31:01,317.0,147.0
2019-08-21 03:31:02,317.0,148.0
2019-08-21 03:31:03,318.0,148.0
2019-08-21 03:31:04,321.0,148.0
2019-08-21 03:31:05,322.0,148.0
2019-08-21 03:31:06,322.0,148.0
2019-08-21 03:31:07,322.0,149.0
2019-08-21 03:31:08,323.0,149.0
2019-08-21 03:31:09,320.0,149.0
2019-08-21 03:31:10,320.0,149.0
2019-08-21 03:31:11,317.0,149.0
2019-08-21 03:31:12,315.0,149.0
2019-08-21 03:31:13,315.0,149.0
2019-08-21 03:31:14,313.0,149.0
2019-08-21 03:31:15,310.0,149.0
2019-08-21 03:31:16,310.0,149.0
2019-08-21 03:31:17,310.0,149.0
2019-08-21 03:31:18,308.0,149.0
2019-08-21 03:31:19,308.0,149.0
2019-08-21 03:31:20,307.0,149.0
2019-08-21 03:31:21,306.0,149.0
2019-08-21 03:31:22,305.0,149.0
2019-08-21 03:31:23,307.0,149.0
2019-08-21 03:31:24,301.0,148.0
2019-08-21 03:31:25,303.0,148.0
2019-08-21 03:31:26,306.0,148.0
2019-08-21 03:31:27,309.0,149.0
2019-08-21 03:31:28,310.0,149.0
2019-08-21 03:31:29,304.0,149.0
2019-08-21 03:31:30,299.0,149.0
2019-08-21 03:31:31,297.0,148.0
2019-08-21 03:31:32,296.0,148.0
2019-08-21 03:31:33,297.0,147.0
2019-08-21 03:31:34,297.0,147.0
2019-08-21 03:31:35,305.0,146.0
2019-08-21 03:31:36,307.0,146.0
2019-08-21 03:31:37,311.0,146.0
2019-08-21 03:31:38,309.0,146.0
2019-08-21 03:31:39,308.0,147.0
2019-08-21 03:31:40,311.0,147.0
2019-08-21 03:31:41,312.0,146.0
2019-08-21 03:31:42,307.0,145.0
2019-08-21 03:31:43,306.0,145.0
2019-08-21 03:31:44,306.0,146.0
2019-08-21 03:31:45,310.0,146.0
2019-08-21 03:31:46,313.0,147.0
2019-08-21 03:31:47,308.0,148.0
2019-08-21 03:31:48,304.0,148.0
2019-08-21 03:31:49,299.0,149.0
2019-08-21 03:31:50,299.0,149.0
2019-08-21 03:31:51,298.0,150.0
2019-08-21 03:31:52,300.0,150.0
2019-08-21 03:31:53,303.0,150.0
2019-08-21 03:31:54,307.0,150.0
2019-08-21 03:31:55,310.0,150.0
2019-08-21 03:31:56,313.0,151.0
2019-08-21 03:31:57,315.0,150.0
2019-08-21 03:31:58,314.0,150.0
2019-08-21 03:31:59,315.0,150.0
2019-08-21 03:32:00,314.0,149.0
2019-08-21 03:32:01,312.0,151.0
2019-08-21 03:32:02,314.0,151.0
2019-08-21 03:32:03,313.0,151.0
2019-08-21 03:32:04,315.0,152.0
2019-08-21 03:32:05,317.0,152.0
2019-08-21 03:32:06,317.0,151.0
2019-08-21 03:32:07,318.0,151.0
2019-08-21 03:32:08,319.0,151.0
2019-08-21 03:32:09,319.0,151.0
2019-08-21 03:32:10,320.0,151.0
2019-08-21 03:32:11,319.0,152.0
2019-08-21 03:32:12,320.0,152.0
2019-08-21 03:32:13,322.0,152.0
2019-08-21 03:32:14,323.0,152.0
2019-08-21 03:32:15,324.0,151.0
2019-08-21 03:32:16,326.0,151.0
2019-08-21 03:32:17,329.0,151.0
2019-08-21 03:32:18,327.0,151.0
2019-08-21 03:32:19,325.0,152.0
2019-08-21 03:32:20,322.0,152.0
2019-08-21 03:32:21,320.0,152.0
2019-08-21 03:32:22,319.0,151.0
2019-08-21 03:32:23,318.0,151.0
2019-08-21 03:32:24,319.0,152.0
2019-08-21 03:32:25,320.0,151.0
2019-08-21 03:32:26,325.0,152.0
2019-08-21 03:32:27,328.0,152.0
2019-08-21 03:32:28,332.0,152.0
2019-08-21 03:32:29,336.0,152.0
2019-08-21 03:32:30,337.0,152.0
2019-08-21 03:32:31,338.0,152.0
2019-08-21 03:32:32,340.0,152.0
2019-08-21 03:32:33,340.0,152.0
2019-08-21 03:32:34,339.0,152.0
2019-08-21 03:32:35,340.0,152.0
2019-08-21 03:32:36,339.0,152.0
2019-08-21 03:32:37,338.0,152.0
2019-08-21 03:32:38,335.0,152.0
2019-08-21 03:32:39,333.0,152.0
2019-08-21 03:32:40,330.0,153.0
2019-08-21 03:32:41,329.0,154.0
2019-08-21 03:32:42,329.0,154.0
2019-08-21 03:32:43,328.0,154.0
2019-08-21 03:32:44,330.0,154.0
2019-08-21 03:32:45,333.0,154.0
2019-08-21 03:32:46,331.0,155.0
2019-08-21 03:32:47,330.0,155.0
2019-08-21 03:32:48,332.0,154.0
2019-08-21 03:32:49,330.0,154.0
2019-08-21 03:32:50,329.0,154.0
2019-08-21 03:32:51,325.0,155.0
2019-08-21 03:32:52,318.0,154.0
2019-08-21 03:32:53,316.0,154.0
2019-08-21 03:32:54,315.0,153.0
2019-08-21 03:32:55,312.0,153.0
2019-08-21 03:32:56,310.0,152.0
2019-08-21 03:32:57,311.0,152.0
2019-08-21 03:32:58,310.0,152.0
2019-08-21 03:32:59,313.0,152.0
2019-08-21 03:33:00,313.0,152.0
2019-08-21 03:33:01,314.0,152.0
2019-08-21 03:33:02,315.0,152.0
2019-08-21 03:33:03,316.0,152.0
2019-08-21 03:33:04,315.0,151.0
2019-08-21 03:33:05,313.0,151.0
2019-08-21 03:33:06,311.0,151.0
2019-08-21 03:33:07,308.0,151.0
2019-08-21 03:33:08,309.0,151.0
2019-08-21 03:33:09,309.0,151.0
2019-08-21 03:33:10,309.0,152.0
2019-08-21 03:33:11,311.0,152.0
2019-08-21 03:33:12,311.0,152.0
2019-08-21 03:33:13,313.0,153.0
2019-08-21 03:33:14,311.0,152.0
2019-08-21 03:33:15,311.0,152.0
2019-08-21 03:33:16,311.0,152.0
2019-08-21 03:33:17,310.0,152.0
2019-08-21 03:33:18,310.0,153.0
2019-08-21 03:33:19,311.0,153.0
2019-08-21 03:33:20,310.0,153.0
2019-08-21 03:33:21,312.0,152.0
2019-08-21 03:33:22,313.0,152.0
2019-08-21 03:33:23,311.0,152.0
2019-08-21 03:33:24,311.0,152.0
2019-08-21 03:33:25,312.0,152.0
2019-08-21 03:33:26,311.0,152.0
2019-08-21 03:33:27,311.0,152.0
2019-08-21 03:33:28,311.0,152.0
2019-08-21 03:33:29,313.0,152.0
2019-08-21 03:33:30,315.0,152.0
2019-08-21 03:33:31,316.0,152.0
2019-08-21 03:33:32,316.0,152.0
2019-08-21 03:33:33,316.0,152.0
2019-08-21 03:33:34,318.0,152.0
2019-08-21 03:33:35,319.0,152.0
2019-08-21 03:33:36,320.0,152.0
2019-08-21 03:33:37,321.0,152.0
2019-08-21 03:33:38,325.0,153.0
2019-08-21 03:33:39,327.0,153.0
2019-08-21 03:33:40,328.0,153.0
2019-08-21 03:33:41,327.0,152.0
2019-08-21 03:33:42,327.0,152.0
2019-08-21 03:33:43,323.0,152.0
2019-08-21 03:33:44,320.0,152.0
2019-08-21 03:33:45,320.0,152.0
2019-08-21 03:33:46,320.0,152.0
2019-08-21 03:33:47,323.0,152.0
2019-08-21 03:33:48,323.0,152.0
2019-08-21 03:33:49,323.0,153.0
2019-08-21 03:33:50,324.0,153.0
2019-08-21 03:33:51,323.0,153.0
2019-08-21 03:33:52,323.0,153.0
2019-08-21 03:33:53,315.0,152.0
2019-08-21 03:33:54,315.0,152.0
2019-08-21 03:33:55,310.0,152.0
2019-08-21 03:33:56,305.0,152.0
2019-08-21 03:33:57,305.0,153.0
2019-08-21 03:33:58,300.0,154.0
2019-08-21 03:33:59,300.0,154.0
2019-08-21 03:34:00,299.0,155.0
2019-08-21 03:34:01,306.0,155.0
2019-08-21 03:34:02,306.0,154.0
2019-08-21 03:34:03,312.0,153.0
2019-08-21 03:34:04,309.0,153.0
2019-08-21 03:34:05,309.0,153.0
2019-08-21 03:34:06,316.0,154.0
2019-08-21 03:34:07,316.0,154.0
2019-08-21 03:34:08,317.0,155.0
2019-08-21 03:34:09,319.0,155.0
2019-08-21 03:34:10,319.0,156.0
2019-08-21 03:34:11,320.0,156.0
2019-08-21 03:34:12,320.0,156.0
2019-08-21 03:34:13,317.0,155.0
2019-08-21 03:34:14,313.0,155.0
2019-08-21 03:34:15,312.0,154.0
2019-08-21 03:34:16,313.0,154.0
2019-08-21 03:34:17,313.0,154.0
2019-08-21 03:34:18,314.0,155.0
2019-08-21 03:34:19,316.0,155.0
2019-08-21 03:34:20,315.0,155.0
2019-08-21 03:34:21,315.0,155.0
2019-08-21 03:34:22,315.0,155.0
2019-08-21 03:34:23,313.0,155.0
2019-08-21 03:34:24,311.0,155.0
2019-08-21 03:34:25,311.0,155.0
2019-08-21 03:34:26,311.0,155.0
2019-08-21 03:34:27,311.0,155.0
2019-08-21 03:34:28,314.0,155.0
2019-08-21 03:34:29,316.0,155.0
2019-08-21 03:34:30,317.0,155.0
2019-08-21 03:34:31,320.0,155.0
2019-08-21 03:34:32,327.0,156.0
2019-08-21 03:34:33,328.0,156.0
2019-08-21 03:34:34,330.0,156.0
2019-08-21 03:34:35,330.0,156.0
2019-08-21 03:34:36,332.0,156.0
2019-08-21 03:34:37,335.0,155.0
2019-08-21 03:34:38,331.0,155.0
2019-08-21 03:34:39,324.0,155.0
2019-08-21 03:34:40,321.0,155.0
2019-08-21 03:34:41,319.0,154.0
2019-08-21 03:34:42,322.0,154.0
2019-08-21 03:34:43,325.0,155.0
2019-08-21 03:34:44,327.0,156.0
2019-08-21 03:34:45,330.0,157.0
2019-08-21 03:34:46,334.0,158.0
2019-08-21 03:34:47,339.0,158.0
2019-08-21 03:34:48,341.0,158.0
2019-08-21 03:34:49,341.0,159.0
2019-08-21 03:34:50,340.0,159.0
2019-08-21 03:34:51,340.0,159.0
2019-08-21 03:34:52,340.0,159.0
2019-08-21 03:34:53,339.0,159.0
2019-08-21 03:34:54,336.0,159.0
2019-08-21 03:34:55,337.0,159.0
2019-08-21 03:34:56,335.0,159.0
2019-08-21 03:34:57,336.0,160.0
2019-08-21 03:34:58,335.0,160.0
2019-08-21 03:34:59,336.0,160.0
2019-08-21 03:35:00,336.0,161.0
2019-08-21 03:35:01,335.0,161.0
2019-08-21 03:35:02,333.0,160.0
2019-08-21 03:35:03,332.0,159.0
2019-08-21 03:35:04,331.0,158.0
2019-08-21 03:35:05,330.0,158.0
2019-08-21 03:35:06,330.0,158.0
2019-08-21 03:35:07,328.0,158.0
2019-08-21 03:35:08,326.0,157.0
2019-08-21 03:35:09,328.0,157.0
2019-08-21 03:35:10,330.0,158.0
2019-08-21 03:35:11,331.0,157.0
2019-08-21 03:35:12,332.0,157.0
2019-08-21 03:35:13,331.0,158.0
2019-08-21 03:35:14,332.0,158.0
2019-08-21 03:35:15,332.0,157.0
2019-08-21 03:35:16,330.0,158.0
2019-08-21 03:35:17,330.0,158.0
2019-08-21 03:35:18,330.0,158.0
2019-08-21 03:35:19,331.0,157.0
2019-08-21 03:35:20,329.0,158.0
2019-08-21 03:35:21,328.0,158.0
2019-08-21 03:35:22,325.0,158.0
2019-08-21 03:35:23,322.0,158.0
2019-08-21 03:35:24,322.0,157.0
2019-08-21 03:35:25,321.0,157.0
2019-08-21 03:35:26,323.0,157.0
2019-08-21 03:35:27,330.0,157.0
2019-08-21 03:35:28,333.0,157.0
2019-08-21 03:35:29,339.0,157.0
2019-08-21 03:35:30,343.0,157.0
2019-08-21 03:35:31,344.0,157.0
2019-08-21 03:35:32,339.0,157.0
2019-08-21 03:35:33,333.0,158.0
2019-08-21 03:35:34,325.0,159.0
2019-08-21 03:35:35,323.0,160.0
2019-08-21 03:35:36,319.0,161.0
2019-08-21 03:35:37,319.0,161.0
2019-08-21 03:35:38,310.0,161.0
2019-08-21 03:35:39,310.0,159.0
2019-08-21 03:35:40,309.0,159.0
2019-08-21 03:35:41,309.0,159.0
2019-08-21 03:35:42,311.0,159.0
2019-08-21 03:35:43,310.0,160.0
2019-08-21 03:35:44,310.0,160.0
2019-08-21 03:35:45,313.0,160.0
2019-08-21 03:35:46,314.0,159.0
2019-08-21 03:35:47,318.0,159.0
2019-08-21 03:35:48,322.0,159.0
2019-08-21 03:35:49,317.0,159.0
2019-08-21 03:35:50,315.0,159.0
2019-08-21 03:35:51,319.0,159.0
2019-08-21 03:35:52,320.0,159.0
2019-08-21 03:35:53,320.0,159.0
2019-08-21 03:35:54,320.0,159.0
2019-08-21 03:35:55,321.0,159.0
2019-08-21 03:35:56,322.0,159.0
2019-08-21 03:35:57,322.0,159.0
2019-08-21 03:35:58,320.0,159.0
2019-08-21 03:35:59,319.0,158.0
2019-08-21 03:36:00,316.0,158.0
2019-08-21 03:36:01,312.0,158.0
2019-08-21 03:36:02,309.0,159.0
2019-08-21 03:36:03,309.0,159.0
2019-08-21 03:36:04,312.0,159.0
2019-08-21 03:36:05,311.0,160.0
2019-08-21 03:36:06,313.0,159.0
2019-08-21 03:36:07,314.0,159.0
2019-08-21 03:36:08,319.0,160.0
2019-08-21 03:36:09,324.0,160.0
2019-08-21 03:36:10,325.0,160.0
2019-08-21 03:36:11,326.0,160.0
2019-08-21 03:36:12,327.0,160.0
2019-08-21 03:36:13,326.0,160.0
2019-08-21 03:36:14,327.0,160.0
2019-08-21 03:36:15,329.0,160.0
2019-08-21 03:36:16,332.0,159.0
2019-08-21 03:36:17,334.0,159.0
2019-08-21 03:36:18,335.0,159.0
2019-08-21 03:36:19,334.0,158.0
2019-08-21 03:36:20,336.0,159.0
2019-08-21 03:36:21,334.0,159.0
2019-08-21 03:36:22,333.0,160.0
2019-08-21 03:36:23,333.0,161.0
2019-08-21 03:36:24,331.0,161.0
2019-08-21 03:36:25,330.0,161.0
2019-08-21 03:36:26,330.0,161.0
2019-08-21 03:36:27,328.0,161.0
2019-08-21 03:36:28,328.0,160.0
2019-08-21 03:36:29,327.0,160.0
2019-08-21 03:36:32,323.0,160.0
2019-08-21 03:36:33,324.0,160.0
2019-08-21 03:36:34,323.0,159.0
2019-08-21 03:36:35,322.0,159.0
2019-08-21 03:36:36,323.0,159.0
2019-08-21 03:36:37,321.0,158.0
2019-08-21 03:36:38,327.0,158.0
2019-08-21 03:36:39,328.0,158.0
2019-08-21 03:36:40,327.0,157.0
2019-08-21 03:36:41,328.0,158.0
2019-08-21 03:36:42,326.0,158.0
2019-08-21 03:36:43,325.0,158.0
2019-08-21 03:36:44,322.0,158.0
2019-08-21 03:36:45,322.0,158.0
2019-08-21 03:36:46,318.0,158.0
2019-08-21 03:36:47,318.0,158.0
2019-08-21 03:36:48,319.0,158.0
2019-08-21 03:36:49,320.0,158.0
2019-08-21 03:36:50,322.0,158.0
2019-08-21 03:36:51,325.0,157.0
2019-08-21 03:36:52,322.0,157.0
2019-08-21 03:36:53,323.0,157.0
2019-08-21 03:36:54,324.0,157.0
2019-08-21 03:36:55,321.0,157.0
2019-08-21 03:36:56,321.0,158.0
2019-08-21 03:36:57,319.0,158.0
2019-08-21 03:36:58,319.0,158.0
2019-08-21 03:36:59,322.0,159.0
2019-08-21 03:37:00,320.0,159.0
2019-08-21 03:37:01,320.0,159.0
2019-08-21 03:37:02,317.0,159.0
2019-08-21 03:37:03,312.0,158.0
2019-08-21 03:37:04,307.0,159.0
2019-08-21 03:37:05,305.0,159.0
2019-08-21 03:37:06,300.0,159.0
2019-08-21 03:37:07,299.0,159.0
2019-08-21 03:37:08,297.0,159.0
2019-08-21 03:37:09,298.0,159.0
2019-08-21 03:37:10,299.0,159.0
2019-08-21 03:37:11,302.0,159.0
2019-08-21 03:37:12,306.0,159.0
2019-08-21 03:37:13,309.0,159.0
2019-08-21 03:37:14,313.0,159.0
2019-08-21 03:37:15,317.0,159.0
2019-08-21 03:37:16,317.0,159.0
2019-08-21 03:37:17,318.0,159.0
2019-08-21 03:37:18,320.0,158.0
2019-08-21 03:37:19,325.0,159.0
2019-08-21 03:37:20,327.0,159.0
2019-08-21 03:37:21,327.0,159.0
2019-08-21 03:37:22,331.0,159.0
2019-08-21 03:37:23,331.0,159.0
2019-08-21 03:37:24,332.0,159.0
2019-08-21 03:37:25,329.0,159.0
2019-08-21 03:37:26,329.0,159.0
2019-08-21 03:37:27,325.0,159.0
2019-08-21 03:37:28,325.0,159.0
2019-08-21 03:37:29,318.0,159.0
2019-08-21 03:37:30,318.0,159.0
2019-08-21 03:37:31,318.0,158.0
2019-08-21 03:37:32,321.0,158.0
2019-08-21 03:37:33,321.0,158.0
2019-08-21 03:37:34,321.0,157.0
2019-08-21 03:37:35,323.0,158.0
2019-08-21 03:37:36,323.0,159.0
2019-08-21 03:37:37,324.0,159.0
2019-08-21 03:37:38,322.0,159.0
2019-08-21 03:37:39,322.0,158.0
2019-08-21 03:37:40,323.0,159.0
2019-08-21 03:37:41,323.0,159.0
2019-08-21 03:37:42,325.0,159.0
2019-08-21 03:37:43,325.0,159.0
2019-08-21 03:37:44,325.0,160.0
2019-08-21 03:37:45,332.0,160.0
2019-08-21 03:37:46,332.0,161.0
2019-08-21 03:37:47,331.0,161.0
2019-08-21 03:37:48,332.0,161.0
2019-08-21 03:37:49,332.0,161.0
2019-08-21 03:37:50,337.0,161.0
2019-08-21 03:37:51,337.0,161.0
2019-08-21 03:37:52,334.0,161.0
2019-08-21 03:37:53,332.0,161.0
2019-08-21 03:37:54,332.0,160.0
2019-08-21 03:37:55,334.0,160.0
2019-08-21 03:37:56,334.0,159.0
2019-08-21 03:37:57,333.0,159.0
2019-08-21 03:37:58,331.0,158.0
2019-08-21 03:37:59,330.0,158.0
2019-08-21 03:38:00,328.0,158.0
2019-08-21 03:38:01,324.0,158.0
2019-08-21 03:38:02,324.0,158.0
2019-08-21 03:38:03,322.0,158.0
2019-08-21 03:38:04,322.0,158.0
2019-08-21 03:38:05,323.0,158.0
2019-08-21 03:38:06,326.0,158.0
2019-08-21 03:38:07,329.0,158.0
2019-08-21 03:38:08,328.0,158.0
2019-08-21 03:38:09,327.0,158.0
2019-08-21 03:38:10,332.0,159.0
2019-08-21 03:38:11,336.0,159.0
2019-08-21 03:38:12,339.0,160.0
2019-08-21 03:38:13,336.0,161.0
2019-08-21 03:38:14,334.0,161.0
2019-08-21 03:38:15,334.0,161.0
2019-08-21 03:38:16,333.0,161.0
2019-08-21 03:38:17,329.0,160.0
2019-08-21 03:38:18,326.0,160.0
2019-08-21 03:38:19,322.0,159.0
2019-08-21 03:38:20,326.0,159.0
2019-08-21 03:38:21,328.0,159.0
2019-08-21 03:38:22,327.0,159.0
2019-08-21 03:38:23,331.0,160.0
2019-08-21 03:38:24,330.0,160.0
2019-08-21 03:38:25,328.0,161.0
2019-08-21 03:38:26,327.0,161.0
2019-08-21 03:38:27,326.0,162.0
2019-08-21 03:38:28,323.0,162.0
2019-08-21 03:38:29,318.0,161.0
2019-08-21 03:38:30,313.0,161.0
2019-08-21 03:38:31,312.0,161.0
2019-08-21 03:38:32,311.0,161.0
2019-08-21 03:38:33,311.0,160.0
2019-08-21 03:38:34,313.0,160.0
2019-08-21 03:38:35,312.0,160.0
2019-08-21 03:38:36,313.0,159.0
2019-08-21 03:38:37,315.0,159.0
2019-08-21 03:38:38,306.0,158.0
2019-08-21 03:38:39,299.0,157.0
2019-08-21 03:38:40,299.0,156.0
2019-08-21 03:38:41,297.0,157.0
2019-08-21 03:38:42,299.0,159.0
2019-08-21 03:38:43,303.0,160.0
2019-08-21 03:38:44,306.0,160.0
2019-08-21 03:38:45,309.0,161.0
2019-08-21 03:38:46,311.0,161.0
2019-08-21 03:38:47,308.0,162.0
2019-08-21 03:38:48,307.0,162.0
2019-08-21 03:38:49,303.0,162.0
2019-08-21 03:38:50,303.0,162.0
2019-08-21 03:38:51,304.0,162.0
2019-08-21 03:38:52,304.0,162.0
2019-08-21 03:38:53,306.0,162.0
2019-08-21 03:38:54,306.0,162.0
2019-08-21 03:38:55,306.0,162.0
2019-08-21 03:38:56,309.0,162.0
2019-08-21 03:38:57,309.0,161.0
2019-08-21 03:38:58,308.0,161.0
2019-08-21 03:38:59,311.0,161.0
2019-08-21 03:39:00,311.0,161.0
2019-08-21 03:39:01,315.0,161.0
2019-08-21 03:39:02,317.0,161.0
2019-08-21 03:39:03,315.0,161.0
2019-08-21 03:39:04,308.0,161.0
2019-08-21 03:39:05,308.0,161.0
2019-08-21 03:39:06,305.0,162.0
2019-08-21 03:39:07,301.0,163.0
2019-08-21 03:39:08,298.0,162.0
2019-08-21 03:39:09,295.0,161.0
2019-08-21 03:39:10,294.0,160.0
2019-08-21 03:39:11,292.0,160.0
2019-08-21 03:39:12,294.0,160.0
2019-08-21 03:39:13,295.0,160.0
2019-08-21 03:39:14,294.0,160.0
2019-08-21 03:39:15,294.0,160.0
2019-08-21 03:39:16,294.0,160.0
2019-08-21 03:39:17,291.0,160.0
2019-08-21 03:39:18,293.0,160.0
2019-08-21 03:39:19,292.0,160.0
2019-08-21 03:39:20,292.0,159.0
2019-08-21 03:39:21,294.0,159.0
2019-08-21 03:39:22,296.0,159.0
2019-08-21 03:39:23,298.0,159.0
2019-08-21 03:39:24,302.0,159.0
2019-08-21 03:39:25,304.0,159.0
2019-08-21 03:39:26,305.0,159.0
2019-08-21 03:39:27,300.0,157.0
2019-08-21 03:39:28,296.0,156.0
2019-08-21 03:39:29,296.0,158.0
2019-08-21 03:39:30,300.0,159.0
2019-08-21 03:39:31,300.0,158.0
2019-08-21 03:39:32,310.0,158.0
2019-08-21 03:39:33,311.0,159.0
2019-08-21 03:39:34,313.0,159.0
2019-08-21 03:39:35,317.0,160.0
2019-08-21 03:39:36,316.0,159.0
2019-08-21 03:39:37,319.0,159.0
2019-08-21 03:39:38,318.0,159.0
2019-08-21 03:39:39,316.0,159.0
2019-08-21 03:39:40,312.0,159.0
2019-08-21 03:39:41,312.0,159.0
2019-08-21 03:39:42,314.0,159.0
2019-08-21 03:39:43,317.0,160.0
2019-08-21 03:39:44,315.0,160.0
2019-08-21 03:39:45,317.0,160.0
2019-08-21 03:39:46,317.0,160.0
2019-08-21 03:39:47,319.0,160.0
2019-08-21 03:39:48,320.0,160.0
2019-08-21 03:39:49,318.0,160.0
2019-08-21 03:39:50,319.0,160.0
2019-08-21 03:39:51,318.0,160.0
2019-08-21 03:39:52,319.0,160.0
2019-08-21 03:39:53,319.0,160.0
2019-08-21 03:39:54,321.0,160.0
2019-08-21 03:39:55,322.0,159.0
2019-08-21 03:39:56,322.0,160.0
2019-08-21 03:39:57,321.0,160.0
2019-08-21 03:39:58,322.0,160.0
2019-08-21 03:39:59,319.0,160.0
2019-08-21 03:40:00,319.0,159.0
2019-08-21 03:40:01,319.0,159.0
2019-08-21 03:40:02,318.0,159.0
2019-08-21 03:40:03,320.0,158.0
2019-08-21 03:40:04,321.0,159.0
2019-08-21 03:40:05,322.0,159.0
2019-08-21 03:40:06,324.0,159.0
2019-08-21 03:40:07,326.0,159.0
2019-08-21 03:40:08,324.0,159.0
2019-08-21 03:40:09,324.0,158.0
2019-08-21 03:40:10,323.0,158.0
2019-08-21 03:40:11,324.0,158.0
2019-08-21 03:40:12,327.0,157.0
2019-08-21 03:40:13,328.0,157.0
2019-08-21 03:40:14,331.0,158.0
2019-08-21 03:40:15,332.0,158.0
2019-08-21 03:40:16,335.0,158.0
2019-08-21 03:40:17,338.0,158.0
2019-08-21 03:40:18,338.0,158.0
2019-08-21 03:40:19,340.0,158.0
2019-08-21 03:40:20,339.0,158.0
2019-08-21 03:40:21,340.0,158.0
2019-08-21 03:40:22,339.0,158.0
2019-08-21 03:40:23,340.0,158.0
2019-08-21 03:40:24,340.0,158.0
2019-08-21 03:40:25,338.0,158.0
2019-08-21 03:40:26,331.0,158.0
2019-08-21 03:40:27,328.0,159.0
2019-08-21 03:40:28,324.0,159.0
2019-08-21 03:40:29,319.0,159.0
2019-08-21 03:40:30,317.0,158.0
2019-08-21 03:40:31,317.0,157.0
2019-08-21 03:40:32,317.0,157.0
2019-08-21 03:40:33,314.0,156.0
2019-08-21 03:40:34,310.0,154.0
2019-08-21 03:40:35,307.0,154.0
2019-08-21 03:40:36,310.0,154.0
2019-08-21 03:40:37,313.0,154.0
2019-08-21 03:40:38,315.0,155.0
2019-08-21 03:40:39,312.0,157.0
2019-08-21 03:40:40,308.0,157.0
2019-08-21 03:40:41,304.0,158.0
2019-08-21 03:40:42,304.0,158.0
2019-08-21 03:40:43,305.0,158.0
2019-08-21 03:40:44,309.0,158.0
2019-08-21 03:40:45,309.0,158.0
2019-08-21 03:40:46,309.0,159.0
2019-08-21 03:40:47,309.0,159.0
2019-08-21 03:40:48,309.0,159.0
2019-08-21 03:40:49,310.0,159.0
2019-08-21 03:40:50,310.0,158.0
2019-08-21 03:40:51,308.0,158.0
2019-08-21 03:40:52,309.0,158.0
2019-08-21 03:40:53,309.0,159.0
2019-08-21 03:40:54,313.0,159.0
2019-08-21 03:40:55,313.0,159.0
2019-08-21 03:40:56,311.0,159.0
2019-08-21 03:40:57,312.0,159.0
2019-08-21 03:40:58,312.0,159.0
2019-08-21 03:40:59,310.0,158.0
2019-08-21 03:41:00,310.0,159.0
2019-08-21 03:41:01,304.0,159.0
2019-08-21 03:41:02,302.0,159.0
2019-08-21 03:41:03,302.0,159.0
2019-08-21 03:41:04,301.0,158.0
2019-08-21 03:41:05,299.0,158.0
2019-08-21 03:41:06,299.0,157.0
2019-08-21 03:41:07,293.0,157.0
2019-08-21 03:41:08,293.0,156.0
2019-08-21 03:41:09,293.0,156.0
2019-08-21 03:41:10,296.0,156.0
2019-08-21 03:41:11,296.0,156.0
2019-08-21 03:41:12,298.0,156.0
2019-08-21 03:41:13,298.0,156.0
2019-08-21 03:41:14,301.0,157.0
2019-08-21 03:41:15,301.0,158.0
2019-08-21 03:41:16,301.0,158.0
2019-08-21 03:41:17,302.0,158.0
2019-08-21 03:41:18,302.0,159.0
2019-08-21 03:41:19,304.0,159.0
2019-08-21 03:41:20,307.0,159.0
2019-08-21 03:41:21,307.0,159.0
2019-08-21 03:41:22,310.0,159.0
2019-08-21 03:41:23,315.0,159.0
2019-08-21 03:41:24,318.0,158.0
2019-08-21 03:41:25,317.0,158.0
2019-08-21 03:41:26,317.0,158.0
2019-08-21 03:41:27,311.0,159.0
2019-08-21 03:41:28,306.0,159.0
2019-08-21 03:41:29,303.0,159.0
2019-08-21 03:41:30,297.0,159.0
2019-08-21 03:41:31,290.0,159.0
2019-08-21 03:41:32,293.0,158.0
2019-08-21 03:41:33,297.0,158.0
2019-08-21 03:41:34,299.0,158.0
2019-08-21 03:41:35,297.0,159.0
2019-08-21 03:41:36,295.0,159.0
2019-08-21 03:41:37,291.0,160.0
2019-08-21 03:41:38,290.0,160.0
2019-08-21 03:41:39,293.0,160.0
2019-08-21 03:41:40,296.0,160.0
2019-08-21 03:41:41,297.0,160.0
2019-08-21 03:41:42,300.0,159.0
2019-08-21 03:41:43,302.0,159.0
2019-08-21 03:41:44,304.0,159.0
2019-08-21 03:41:45,305.0,159.0
2019-08-21 03:41:46,304.0,160.0
2019-08-21 03:41:47,298.0,161.0
2019-08-21 03:41:48,299.0,161.0
2019-08-21 03:41:49,301.0,161.0
2019-08-21 03:41:50,305.0,160.0
2019-08-21 03:41:51,306.0,161.0
2019-08-21 03:41:52,304.0,161.0
2019-08-21 03:41:53,304.0,161.0
2019-08-21 03:41:54,302.0,162.0
2019-08-21 03:41:55,301.0,162.0
2019-08-21 03:41:56,302.0,163.0
2019-08-21 03:41:57,303.0,163.0
2019-08-21 03:41:58,306.0,164.0
2019-08-21 03:41:59,310.0,164.0
2019-08-21 03:42:00,310.0,164.0
2019-08-21 03:42:01,313.0,164.0
2019-08-21 03:42:02,313.0,164.0
2019-08-21 03:42:03,310.0,164.0
2019-08-21 03:42:04,307.0,163.0
2019-08-21 03:42:05,305.0,162.0
2019-08-21 03:42:06,300.0,161.0
2019-08-21 03:42:07,297.0,161.0
2019-08-21 03:42:08,298.0,161.0
2019-08-21 03:42:09,295.0,161.0
2019-08-21 03:42:10,295.0,161.0
2019-08-21 03:42:11,294.0,161.0
2019-08-21 03:42:12,296.0,161.0
2019-08-21 03:42:13,301.0,161.0
2019-08-21 03:42:14,304.0,160.0
2019-08-21 03:42:15,304.0,160.0
2019-08-21 03:42:16,304.0,159.0
2019-08-21 03:42:17,306.0,160.0
2019-08-21 03:42:18,305.0,160.0
2019-08-21 03:42:19,299.0,161.0
2019-08-21 03:42:20,293.0,161.0
2019-08-21 03:42:21,295.0,161.0
2019-08-21 03:42:22,301.0,161.0
2019-08-21 03:42:23,301.0,161.0
2019-08-21 03:42:24,300.0,161.0
2019-08-21 03:42:25,303.0,161.0
2019-08-21 03:42:26,308.0,161.0
2019-08-21 03:42:27,306.0,161.0
2019-08-21 03:42:28,304.0,161.0
2019-08-21 03:42:29,297.0,161.0
2019-08-21 03:42:30,296.0,161.0
2019-08-21 03:42:31,297.0,160.0
2019-08-21 03:42:32,299.0,159.0
2019-08-21 03:42:33,299.0,159.0
2019-08-21 03:42:34,298.0,159.0
2019-08-21 03:42:35,298.0,159.0
2019-08-21 03:42:36,297.0,159.0
2019-08-21 03:42:37,298.0,159.0
2019-08-21 03:42:38,296.0,158.0
2019-08-21 03:42:39,298.0,158.0
2019-08-21 03:42:40,298.0,158.0
2019-08-21 03:42:41,297.0,158.0
2019-08-21 03:42:42,297.0,158.0
2019-08-21 03:42:43,297.0,158.0
2019-08-21 03:42:44,296.0,159.0
2019-08-21 03:42:45,296.0,157.0
2019-08-21 03:42:46,294.0,157.0
2019-08-21 03:42:47,290.0,157.0
2019-08-21 03:42:48,290.0,157.0
2019-08-21 03:42:49,287.0,157.0
2019-08-21 03:42:50,288.0,156.0
2019-08-21 03:42:51,285.0,156.0
2019-08-21 03:42:52,283.0,156.0
2019-08-21 03:42:53,283.0,156.0
2019-08-21 03:42:54,284.0,156.0
2019-08-21 03:42:55,284.0,156.0
2019-08-21 03:42:56,280.0,156.0
2019-08-21 03:42:57,277.0,156.0
2019-08-21 03:42:58,277.0,156.0
2019-08-21 03:42:59,277.0,156.0
2019-08-21 03:43:00,279.0,155.0
2019-08-21 03:43:01,280.0,155.0
2019-08-21 03:43:02,281.0,155.0
2019-08-21 03:43:03,283.0,155.0
2019-08-21 03:43:04,286.0,155.0
2019-08-21 03:43:05,290.0,154.0
2019-08-21 03:43:06,292.0,154.0
2019-08-21 03:43:07,294.0,154.0
2019-08-21 03:43:08,301.0,154.0
2019-08-21 03:43:09,299.0,155.0
2019-08-21 03:43:10,298.0,155.0
2019-08-21 03:43:11,301.0,155.0
2019-08-21 03:43:12,299.0,154.0
2019-08-21 03:43:13,300.0,153.0
2019-08-21 03:43:14,301.0,153.0
2019-08-21 03:43:15,301.0,153.0
2019-08-21 03:43:16,300.0,153.0
2019-08-21 03:43:17,299.0,154.0
2019-08-21 03:43:18,291.0,154.0
2019-08-21 03:43:19,287.0,154.0
2019-08-21 03:43:20,285.0,154.0
2019-08-21 03:43:21,285.0,154.0
2019-08-21 03:43:22,286.0,154.0
2019-08-21 03:43:23,287.0,154.0
2019-08-21 03:43:24,291.0,154.0
2019-08-21 03:43:25,292.0,154.0
2019-08-21 03:43:26,292.0,154.0
2019-08-21 03:43:27,295.0,155.0
2019-08-21 03:43:28,295.0,155.0
2019-08-21 03:43:29,295.0,155.0
2019-08-21 03:43:30,295.0,156.0
2019-08-21 03:43:31,295.0,156.0
2019-08-21 03:43:32,293.0,157.0
2019-08-21 03:43:33,291.0,157.0
2019-08-21 03:43:34,289.0,158.0
2019-08-21 03:43:35,289.0,158.0
2019-08-21 03:43:36,291.0,157.0
2019-08-21 03:43:37,288.0,157.0
2019-08-21 03:43:38,287.0,158.0
2019-08-21 03:43:39,287.0,157.0
2019-08-21 03:43:40,287.0,157.0
2019-08-21 03:43:41,288.0,157.0
2019-08-21 03:43:42,288.0,156.0
2019-08-21 03:43:43,289.0,156.0
2019-08-21 03:43:44,293.0,155.0
2019-08-21 03:43:45,295.0,155.0
2019-08-21 03:43:46,296.0,155.0
2019-08-21 03:43:47,298.0,156.0
2019-08-21 03:43:48,298.0,156.0
2019-08-21 03:43:49,300.0,155.0
2019-08-21 03:43:50,298.0,155.0
2019-08-21 03:43:51,297.0,155.0
2019-08-21 03:43:52,297.0,155.0
2019-08-21 03:43:53,299.0,155.0
2019-08-21 03:43:54,302.0,154.0
2019-08-21 03:43:55,303.0,154.0
2019-08-21 03:43:56,303.0,154.0
2019-08-21 03:43:57,302.0,155.0
2019-08-21 03:43:58,302.0,154.0
2019-08-21 03:43:59,300.0,153.0
2019-08-21 03:44:00,299.0,153.0
2019-08-21 03:44:01,302.0,153.0
2019-08-21 03:44:02,303.0,153.0
2019-08-21 03:44:03,304.0,153.0
2019-08-21 03:44:04,308.0,154.0
2019-08-21 03:44:05,307.0,154.0
2019-08-21 03:44:06,309.0,155.0
2019-08-21 03:44:07,308.0,154.0
2019-08-21 03:44:08,306.0,154.0
2019-08-21 03:44:09,304.0,154.0
2019-08-21 03:44:10,303.0,154.0
2019-08-21 03:44:11,305.0,154.0
2019-08-21 03:44:12,305.0,155.0
2019-08-21 03:44:13,303.0,155.0
2019-08-21 03:44:14,303.0,155.0
2019-08-21 03:44:15,304.0,156.0
2019-08-21 03:44:16,308.0,155.0
2019-08-21 03:44:17,308.0,155.0
2019-08-21 03:44:18,309.0,155.0
2019-08-21 03:44:19,309.0,154.0
2019-08-21 03:44:20,311.0,154.0
2019-08-21 03:44:21,314.0,155.0
2019-08-21 03:44:22,314.0,154.0
2019-08-21 03:44:23,314.0,155.0
2019-08-21 03:44:24,314.0,155.0
2019-08-21 03:44:25,314.0,155.0
2019-08-21 03:44:26,310.0,156.0
2019-08-21 03:44:27,309.0,156.0
2019-08-21 03:44:28,309.0,156.0
2019-08-21 03:44:29,315.0,156.0
2019-08-21 03:44:30,317.0,156.0
2019-08-21 03:44:31,320.0,156.0
2019-08-21 03:44:32,320.0,156.0
2019-08-21 03:44:33,323.0,157.0
2019-08-21 03:44:34,321.0,157.0
2019-08-21 03:44:35,321.0,157.0
2019-08-21 03:44:36,312.0,157.0
2019-08-21 03:44:37,308.0,158.0
2019-08-21 03:44:38,308.0,157.0
2019-08-21 03:44:39,299.0,157.0
2019-08-21 03:44:40,299.0,157.0
2019-08-21 03:44:41,298.0,157.0
2019-08-21 03:44:42,297.0,157.0
2019-08-21 03:44:43,297.0,157.0
2019-08-21 03:44:44,294.0,157.0
2019-08-21 03:44:45,290.0,157.0
2019-08-21 03:44:46,288.0,156.0
2019-08-21 03:44:47,289.0,156.0
2019-08-21 03:44:48,289.0,155.0
2019-08-21 03:44:49,287.0,155.0
2019-08-21 03:44:50,288.0,155.0
2019-08-21 03:44:51,291.0,154.0
2019-08-21 03:44:52,296.0,154.0
2019-08-21 03:44:53,300.0,154.0
2019-08-21 03:44:54,300.0,155.0
2019-08-21 03:44:55,300.0,155.0
2019-08-21 03:44:56,302.0,154.0
2019-08-21 03:44:57,303.0,155.0
2019-08-21 03:44:58,303.0,155.0
2019-08-21 03:44:59,299.0,155.0
2019-08-21 03:45:00,298.0,155.0
2019-08-21 03:45:01,296.0,155.0
2019-08-21 03:45:02,296.0,155.0
2019-08-21 03:45:03,294.0,155.0
2019-08-21 03:45:04,291.0,155.0
2019-08-21 03:45:05,290.0,155.0
2019-08-21 03:45:06,291.0,154.0
2019-08-21 03:45:07,290.0,154.0
2019-08-21 03:45:08,291.0,155.0
2019-08-21 03:45:09,290.0,156.0
2019-08-21 03:45:10,289.0,156.0
2019-08-21 03:45:11,289.0,157.0
2019-08-21 03:45:12,290.0,157.0
2019-08-21 03:45:13,294.0,157.0
2019-08-21 03:45:14,296.0,157.0
2019-08-21 03:45:15,298.0,157.0
2019-08-21 03:45:16,299.0,157.0
2019-08-21 03:45:17,300.0,157.0
2019-08-21 03:45:18,301.0,157.0
2019-08-21 03:45:19,298.0,156.0
2019-08-21 03:45:20,297.0,156.0
2019-08-21 03:45:21,298.0,156.0
2019-08-21 03:45:22,304.0,156.0
2019-08-21 03:45:23,307.0,157.0
2019-08-21 03:45:24,307.0,157.0
2019-08-21 03:45:25,307.0,157.0
2019-08-21 03:45:26,305.0,158.0
2019-08-21 03:45:27,303.0,157.0
2019-08-21 03:45:28,300.0,158.0
2019-08-21 03:45:29,299.0,157.0
2019-08-21 03:45:30,300.0,157.0
2019-08-21 03:45:31,302.0,156.0
2019-08-21 03:45:32,304.0,155.0
2019-08-21 03:45:33,305.0,155.0
2019-08-21 03:45:34,306.0,156.0
2019-08-21 03:45:35,307.0,156.0
2019-08-21 03:45:36,306.0,156.0
2019-08-21 03:45:37,302.0,156.0
2019-08-21 03:45:38,300.0,155.0
2019-08-21 03:45:39,301.0,155.0
2019-08-21 03:45:40,301.0,155.0
2019-08-21 03:45:41,299.0,155.0
2019-08-21 03:45:42,296.0,155.0
2019-08-21 03:45:43,295.0,156.0
2019-08-21 03:45:44,294.0,156.0
2019-08-21 03:45:45,294.0,156.0
2019-08-21 03:45:46,296.0,156.0
2019-08-21 03:45:47,296.0,156.0
2019-08-21 03:45:48,297.0,155.0
2019-08-21 03:45:49,303.0,155.0
2019-08-21 03:45:50,306.0,155.0
2019-08-21 03:45:51,312.0,155.0
2019-08-21 03:45:52,317.0,154.0
2019-08-21 03:45:53,317.0,155.0
2019-08-21 03:45:54,321.0,155.0
2019-08-21 03:45:55,322.0,155.0
2019-08-21 03:45:56,325.0,155.0
2019-08-21 03:45:57,328.0,155.0
2019-08-21 03:45:58,329.0,155.0
2019-08-21 03:45:59,329.0,156.0
2019-08-21 03:46:00,327.0,157.0
2019-08-21 03:46:01,325.0,157.0
2019-08-21 03:46:02,326.0,158.0
2019-08-21 03:46:03,328.0,159.0
2019-08-21 03:46:04,327.0,159.0
2019-08-21 03:46:05,327.0,159.0
2019-08-21 03:46:06,327.0,159.0
2019-08-21 03:46:07,327.0,159.0
2019-08-21 03:46:08,327.0,159.0
2019-08-21 03:46:09,327.0,158.0
2019-08-21 03:46:10,326.0,158.0
2019-08-21 03:46:11,325.0,158.0
2019-08-21 03:46:12,325.0,158.0
2019-08-21 03:46:13,326.0,157.0
2019-08-21 03:46:14,329.0,157.0
2019-08-21 03:46:15,331.0,158.0
2019-08-21 03:46:16,333.0,158.0
2019-08-21 03:46:17,334.0,158.0
2019-08-21 03:46:18,331.0,158.0
2019-08-21 03:46:19,331.0,158.0
2019-08-21 03:46:20,331.0,159.0
2019-08-21 03:46:21,331.0,159.0
2019-08-21 03:46:22,327.0,159.0
2019-08-21 03:46:23,324.0,159.0
2019-08-21 03:46:24,322.0,158.0
2019-08-21 03:46:25,320.0,158.0
2019-08-21 03:46:26,317.0,158.0
2019-08-21 03:46:27,314.0,158.0
2019-08-21 03:46:28,310.0,159.0
2019-08-21 03:46:29,309.0,159.0
2019-08-21 03:46:30,307.0,160.0
2019-08-21 03:46:31,304.0,160.0
2019-08-21 03:46:32,301.0,160.0
2019-08-21 03:46:33,302.0,160.0
2019-08-21 03:46:34,302.0,160.0
2019-08-21 03:46:35,302.0,160.0
2019-08-21 03:46:36,306.0,160.0
2019-08-21 03:46:37,308.0,161.0
2019-08-21 03:46:38,313.0,160.0
2019-08-21 03:46:39,314.0,160.0
2019-08-21 03:46:40,313.0,160.0
2019-08-21 03:46:41,308.0,160.0
2019-08-21 03:46:42,308.0,160.0
2019-08-21 03:46:43,308.0,160.0
2019-08-21 03:46:44,311.0,159.0
2019-08-21 03:46:45,311.0,160.0
2019-08-21 03:46:46,312.0,160.0
2019-08-21 03:46:47,311.0,161.0
2019-08-21 03:46:48,314.0,162.0
2019-08-21 03:46:49,316.0,162.0
2019-08-21 03:46:50,315.0,161.0
2019-08-21 03:46:51,315.0,161.0
2019-08-21 03:46:52,314.0,161.0
2019-08-21 03:46:53,313.0,161.0
2019-08-21 03:46:54,311.0,161.0
2019-08-21 03:46:55,309.0,162.0
2019-08-21 03:46:56,308.0,161.0
2019-08-21 03:46:57,313.0,161.0
2019-08-21 03:46:58,319.0,160.0
2019-08-21 03:46:59,323.0,160.0
2019-08-21 03:47:00,321.0,159.0
2019-08-21 03:47:01,322.0,159.0
2019-08-21 03:47:02,322.0,159.0
2019-08-21 03:47:03,323.0,159.0
2019-08-21 03:47:04,322.0,158.0
2019-08-21 03:47:05,320.0,159.0
2019-08-21 03:47:06,320.0,160.0
2019-08-21 03:47:07,317.0,161.0
2019-08-21 03:47:08,317.0,162.0
2019-08-21 03:47:09,316.0,162.0
2019-08-21 03:47:10,315.0,162.0
2019-08-21 03:47:11,310.0,162.0
2019-08-21 03:47:12,306.0,162.0
2019-08-21 03:47:13,300.0,160.0
2019-08-21 03:47:14,296.0,159.0
2019-08-21 03:47:15,295.0,159.0
2019-08-21 03:47:16,294.0,159.0
2019-08-21 03:47:17,295.0,159.0
2019-08-21 03:47:18,298.0,160.0
2019-08-21 03:47:19,304.0,160.0
2019-08-21 03:47:20,305.0,161.0
2019-08-21 03:47:21,307.0,161.0
2019-08-21 03:47:22,307.0,161.0
2019-08-21 03:47:23,307.0,161.0
2019-08-21 03:47:24,307.0,161.0
2019-08-21 03:47:25,307.0,161.0
2019-08-21 03:47:26,304.0,160.0
2019-08-21 03:47:27,302.0,160.0
2019-08-21 03:47:28,302.0,160.0
2019-08-21 03:47:29,302.0,160.0
2019-08-21 03:47:30,302.0,160.0
2019-08-21 03:47:31,299.0,159.0
2019-08-21 03:47:32,294.0,160.0
2019-08-21 03:47:33,292.0,160.0
2019-08-21 03:47:34,296.0,161.0
2019-08-21 03:47:35,301.0,161.0
2019-08-21 03:47:36,304.0,161.0
2019-08-21 03:47:37,304.0,161.0
2019-08-21 03:47:38,305.0,160.0
2019-08-21 03:47:39,305.0,160.0
2019-08-21 03:47:40,306.0,159.0
2019-08-21 03:47:41,306.0,159.0
2019-08-21 03:47:42,307.0,159.0
2019-08-21 03:47:43,305.0,159.0
2019-08-21 03:47:44,305.0,159.0
2019-08-21 03:47:45,298.0,159.0
2019-08-21 03:47:46,298.0,160.0
2019-08-21 03:47:47,298.0,160.0
2019-08-21 03:47:48,294.0,160.0
2019-08-21 03:47:49,294.0,160.0
2019-08-21 03:47:50,297.0,159.0
2019-08-21 03:47:51,298.0,159.0
2019-08-21 03:47:52,298.0,159.0
2019-08-21 03:47:53,299.0,158.0
2019-08-21 03:47:54,299.0,158.0
2019-08-21 03:47:55,302.0,158.0
2019-08-21 03:47:56,304.0,157.0
2019-08-21 03:47:57,304.0,157.0
2019-08-21 03:47:58,304.0,157.0
2019-08-21 03:47:59,312.0,157.0
2019-08-21 03:48:00,315.0,157.0
2019-08-21 03:48:01,320.0,157.0
2019-08-21 03:48:02,322.0,157.0
2019-08-21 03:48:03,317.0,157.0
2019-08-21 03:48:04,317.0,158.0
2019-08-21 03:48:05,313.0,158.0
2019-08-21 03:48:06,311.0,158.0
2019-08-21 03:48:07,311.0,158.0
2019-08-21 03:48:08,304.0,159.0
2019-08-21 03:48:09,306.0,160.0
2019-08-21 03:48:10,306.0,160.0
2019-08-21 03:48:11,306.0,160.0
2019-08-21 03:48:12,307.0,160.0
2019-08-21 03:48:13,307.0,159.0
2019-08-21 03:48:14,305.0,159.0
2019-08-21 03:48:15,304.0,158.0
2019-08-21 03:48:16,304.0,158.0
2019-08-21 03:48:17,302.0,157.0
2019-08-21 03:48:18,302.0,157.0
2019-08-21 03:48:19,301.0,157.0
2019-08-21 03:48:20,303.0,158.0
2019-08-21 03:48:21,305.0,159.0
2019-08-21 03:48:22,301.0,160.0
2019-08-21 03:48:23,299.0,160.0
2019-08-21 03:48:24,299.0,160.0
2019-08-21 03:48:25,303.0,159.0
2019-08-21 03:48:26,303.0,160.0
2019-08-21 03:48:27,305.0,160.0
2019-08-21 03:48:28,305.0,160.0
2019-08-21 03:48:29,304.0,160.0
2019-08-21 03:48:30,304.0,160.0
2019-08-21 03:48:31,304.0,160.0
2019-08-21 03:48:32,302.0,161.0
2019-08-21 03:48:33,302.0,162.0
2019-08-21 03:48:34,302.0,162.0
2019-08-21 03:48:35,299.0,163.0
2019-08-21 03:48:36,298.0,162.0
2019-08-21 03:48:37,296.0,162.0
2019-08-21 03:48:38,293.0,161.0
2019-08-21 03:48:39,290.0,160.0
2019-08-21 03:48:40,288.0,159.0
2019-08-21 03:48:41,284.0,157.0
2019-08-21 03:48:42,279.0,157.0
2019-08-21 03:48:43,277.0,157.0
2019-08-21 03:48:44,276.0,157.0
2019-08-21 03:48:45,274.0,157.0
2019-08-21 03:48:46,276.0,157.0
2019-08-21 03:48:47,277.0,157.0
2019-08-21 03:48:48,277.0,157.0
2019-08-21 03:48:49,282.0,157.0
2019-08-21 03:48:50,290.0,156.0
2019-08-21 03:48:51,297.0,155.0
2019-08-21 03:48:52,303.0,154.0
2019-08-21 03:48:53,303.0,154.0
2019-08-21 03:48:54,304.0,153.0
2019-08-21 03:48:55,307.0,152.0
2019-08-21 03:48:56,309.0,152.0
2019-08-21 03:48:57,305.0,152.0
2019-08-21 03:48:58,300.0,153.0
2019-08-21 03:48:59,289.0,154.0
2019-08-21 03:49:00,285.0,154.0
2019-08-21 03:49:01,283.0,154.0
2019-08-21 03:49:02,284.0,155.0
2019-08-21 03:49:03,281.0,155.0
2019-08-21 03:49:04,280.0,156.0
2019-08-21 03:49:05,280.0,156.0
2019-08-21 03:49:06,279.0,156.0
2019-08-21 03:49:07,281.0,156.0
2019-08-21 03:49:08,281.0,156.0
2019-08-21 03:49:09,281.0,156.0
2019-08-21 03:49:10,282.0,156.0
2019-08-21 03:49:11,282.0,156.0
2019-08-21 03:49:12,286.0,156.0
2019-08-21 03:49:13,292.0,156.0
2019-08-21 03:49:14,293.0,156.0
2019-08-21 03:49:15,297.0,156.0
2019-08-21 03:49:16,296.0,156.0
2019-08-21 03:49:17,298.0,156.0
2019-08-21 03:49:18,300.0,157.0
2019-08-21 03:49:19,299.0,156.0
2019-08-21 03:49:20,300.0,157.0
2019-08-21 03:49:21,299.0,157.0
2019-08-21 03:49:22,299.0,157.0
2019-08-21 03:49:23,299.0,157.0
2019-08-21 03:49:24,298.0,157.0
2019-08-21 03:49:25,300.0,157.0
2019-08-21 03:49:26,303.0,156.0
2019-08-21 03:49:27,306.0,156.0
2019-08-21 03:49:28,311.0,156.0
2019-08-21 03:49:29,311.0,155.0
2019-08-21 03:49:30,308.0,155.0
2019-08-21 03:49:31,307.0,155.0
2019-08-21 03:49:32,309.0,155.0
2019-08-21 03:49:33,311.0,156.0
2019-08-21 03:49:34,314.0,156.0
2019-08-21 03:49:35,319.0,156.0
2019-08-21 03:49:36,323.0,156.0
2019-08-21 03:49:37,320.0,157.0
2019-08-21 03:49:38,318.0,157.0
2019-08-21 03:49:39,321.0,157.0
2019-08-21 03:49:40,322.0,156.0
2019-08-21 03:49:41,325.0,156.0
2019-08-21 03:49:42,325.0,156.0
2019-08-21 03:49:43,324.0,157.0
2019-08-21 03:49:44,326.0,157.0
2019-08-21 03:49:45,328.0,157.0
2019-08-21 03:49:46,330.0,158.0
2019-08-21 03:49:47,330.0,158.0
2019-08-21 03:49:48,329.0,159.0
2019-08-21 03:49:49,329.0,159.0
2019-08-21 03:49:50,327.0,159.0
2019-08-21 03:49:51,323.0,159.0
2019-08-21 03:49:52,322.0,159.0
2019-08-21 03:49:53,321.0,159.0
2019-08-21 03:49:54,320.0,158.0
2019-08-21 03:49:55,320.0,158.0
2019-08-21 03:49:56,321.0,158.0
2019-08-21 03:49:57,324.0,158.0
2019-08-21 03:49:58,324.0,159.0
2019-08-21 03:49:59,320.0,159.0
2019-08-21 03:50:00,320.0,159.0
2019-08-21 03:50:01,318.0,159.0
2019-08-21 03:50:02,314.0,159.0
2019-08-21 03:50:03,311.0,158.0
2019-08-21 03:50:04,309.0,158.0
2019-08-21 03:50:05,309.0,158.0
2019-08-21 03:50:06,312.0,157.0
2019-08-21 03:50:07,313.0,158.0
2019-08-21 03:50:08,314.0,158.0
2019-08-21 03:50:09,310.0,158.0
2019-08-21 03:50:10,307.0,158.0
2019-08-21 03:50:11,306.0,159.0
2019-08-21 03:50:12,306.0,160.0
2019-08-21 03:50:13,304.0,159.0
2019-08-21 03:50:14,304.0,159.0
2019-08-21 03:50:15,301.0,160.0
2019-08-21 03:50:16,302.0,160.0
2019-08-21 03:50:17,303.0,159.0
2019-08-21 03:50:18,305.0,159.0
2019-08-21 03:50:19,305.0,159.0
2019-08-21 03:50:20,304.0,159.0
2019-08-21 03:50:21,303.0,159.0
2019-08-21 03:50:22,300.0,159.0
2019-08-21 03:50:23,304.0,159.0
2019-08-21 03:50:24,304.0,159.0
2019-08-21 03:50:25,303.0,159.0
2019-08-21 03:50:26,300.0,159.0
2019-08-21 03:50:27,296.0,159.0
2019-08-21 03:50:28,292.0,159.0
2019-08-21 03:50:29,290.0,159.0
2019-08-21 03:50:30,287.0,159.0
2019-08-21 03:50:31,294.0,158.0
2019-08-21 03:50:32,294.0,158.0
2019-08-21 03:50:33,296.0,158.0
2019-08-21 03:50:34,296.0,159.0
2019-08-21 03:50:35,293.0,159.0
2019-08-21 03:50:36,295.0,159.0
2019-08-21 03:50:37,295.0,159.0
2019-08-21 03:50:38,294.0,159.0
2019-08-21 03:50:39,295.0,159.0
2019-08-21 03:50:40,296.0,158.0
2019-08-21 03:50:41,294.0,158.0
2019-08-21 03:50:42,296.0,157.0
2019-08-21 03:50:43,295.0,157.0
2019-08-21 03:50:44,295.0,158.0
2019-08-21 03:50:45,295.0,158.0
2019-08-21 03:50:46,295.0,158.0
2019-08-21 03:50:47,295.0,159.0
2019-08-21 03:50:48,296.0,159.0
2019-08-21 03:50:49,297.0,159.0
2019-08-21 03:50:50,299.0,159.0
2019-08-21 03:50:51,299.0,159.0
2019-08-21 03:50:52,299.0,158.0
2019-08-21 03:50:53,298.0,159.0
2019-08-21 03:50:54,298.0,159.0
2019-08-21 03:50:55,298.0,159.0
2019-08-21 03:50:56,298.0,159.0
2019-08-21 03:50:57,302.0,159.0
2019-08-21 03:50:58,302.0,159.0
2019-08-21 03:50:59,303.0,159.0
2019-08-21 03:51:00,304.0,160.0
2019-08-21 03:51:01,304.0,160.0
2019-08-21 03:51:02,305.0,160.0
2019-08-21 03:51:03,305.0,160.0
2019-08-21 03:51:04,305.0,160.0
2019-08-21 03:51:05,306.0,160.0
2019-08-21 03:51:06,306.0,161.0
2019-08-21 03:51:07,307.0,161.0
2019-08-21 03:51:08,307.0,161.0
2019-08-21 03:51:09,316.0,161.0
2019-08-21 03:51:10,317.0,161.0
2019-08-21 03:51:11,322.0,161.0
2019-08-21 03:51:12,323.0,161.0
2019-08-21 03:51:13,323.0,161.0
2019-08-21 03:51:14,327.0,161.0
2019-08-21 03:51:15,331.0,161.0
2019-08-21 03:51:16,331.0,162.0
2019-08-21 03:51:17,331.0,162.0
2019-08-21 03:51:18,321.0,162.0
2019-08-21 03:51:19,321.0,162.0
2019-08-21 03:51:20,314.0,163.0
2019-08-21 03:51:21,314.0,162.0
2019-08-21 03:51:22,314.0,162.0
2019-08-21 03:51:23,315.0,162.0
2019-08-21 03:51:24,315.0,162.0
2019-08-21 03:51:25,317.0,162.0
2019-08-21 03:51:26,317.0,162.0
2019-08-21 03:51:27,316.0,162.0
2019-08-21 03:51:28,317.0,163.0
2019-08-21 03:51:29,317.0,163.0
2019-08-21 03:51:30,314.0,164.0
2019-08-21 03:51:31,313.0,164.0
2019-08-21 03:51:32,316.0,163.0
2019-08-21 03:51:33,316.0,163.0
2019-08-21 03:51:34,315.0,163.0
2019-08-21 03:51:35,320.0,163.0
2019-08-21 03:51:36,320.0,163.0
2019-08-21 03:51:37,322.0,163.0
2019-08-21 03:51:38,321.0,164.0
2019-08-21 03:51:39,321.0,164.0
2019-08-21 03:51:40,316.0,163.0
2019-08-21 03:51:41,316.0,162.0
2019-08-21 03:51:42,316.0,163.0
2019-08-21 03:51:43,313.0,163.0
2019-08-21 03:51:44,311.0,163.0
2019-08-21 03:51:45,306.0,163.0
2019-08-21 03:51:46,303.0,162.0
2019-08-21 03:51:47,303.0,163.0
2019-08-21 03:51:48,300.0,163.0
2019-08-21 03:51:49,298.0,162.0
2019-08-21 03:51:50,298.0,162.0
2019-08-21 03:51:51,292.0,162.0
2019-08-21 03:51:52,291.0,161.0
2019-08-21 03:51:53,288.0,161.0
2019-08-21 03:51:54,287.0,161.0
2019-08-21 03:51:55,288.0,161.0
2019-08-21 03:51:56,288.0,161.0
2019-08-21 03:51:57,297.0,160.0
2019-08-21 03:51:58,307.0,160.0
2019-08-21 03:51:59,309.0,160.0
2019-08-21 03:52:00,320.0,160.0
2019-08-21 03:52:01,331.0,160.0
2019-08-21 03:52:02,335.0,161.0
2019-08-21 03:52:03,332.0,162.0
2019-08-21 03:52:04,319.0,163.0
2019-08-21 03:52:05,301.0,163.0
2019-08-21 03:52:06,282.0,163.0
2019-08-21 03:52:07,253.0,163.0
2019-08-21 03:52:08,231.0,162.0
2019-08-21 03:52:09,204.0,161.0
2019-08-21 03:52:10,156.0,160.0
2019-08-21 03:52:11,137.0,159.0
2019-08-21 03:52:12,117.0,160.0
2019-08-21 03:52:13,135.0,160.0
2019-08-21 03:52:14,150.0,159.0
2019-08-21 03:52:15,185.0,158.0
2019-08-21 03:52:16,226.0,156.0
2019-08-21 03:52:17,259.0,157.0
2019-08-21 03:52:18,274.0,157.0
2019-08-21 03:52:19,278.0,157.0
2019-08-21 03:52:20,273.0,158.0
2019-08-21 03:52:21,271.0,158.0
2019-08-21 03:52:22,270.0,159.0
2019-08-21 03:52:23,270.0,159.0
2019-08-21 03:52:24,279.0,159.0
2019-08-21 03:52:25,305.0,159.0
2019-08-21 03:52:26,304.0,159.0
2019-08-21 03:52:27,309.0,160.0
2019-08-21 03:52:28,311.0,160.0
2019-08-21 03:52:29,314.0,161.0
2019-08-21 03:52:30,315.0,162.0
2019-08-21 03:52:31,313.0,162.0
2019-08-21 03:52:32,311.0,162.0
2019-08-21 03:52:33,308.0,163.0
2019-08-21 03:52:34,303.0,163.0
2019-08-21 03:52:35,304.0,163.0
2019-08-21 03:52:36,304.0,163.0
2019-08-21 03:52:37,305.0,163.0
2019-08-21 03:52:38,306.0,163.0
2019-08-21 03:52:39,305.0,163.0
2019-08-21 03:52:40,305.0,163.0
2019-08-21 03:52:41,304.0,163.0
2019-08-21 03:52:42,304.0,163.0
2019-08-21 03:52:43,303.0,163.0
2019-08-21 03:52:44,300.0,163.0
2019-08-21 03:52:45,299.0,163.0
2019-08-21 03:52:46,297.0,163.0
2019-08-21 03:52:47,295.0,163.0
2019-08-21 03:52:48,294.0,163.0
2019-08-21 03:52:49,294.0,163.0
2019-08-21 03:52:50,294.0,163.0
2019-08-21 03:52:51,294.0,163.0
2019-08-21 03:52:52,294.0,163.0
2019-08-21 03:52:53,289.0,163.0
2019-08-21 03:52:54,284.0,163.0
2019-08-21 03:52:55,280.0,163.0
2019-08-21 03:52:56,280.0,163.0
2019-08-21 03:52:57,273.0,163.0
2019-08-21 03:52:58,271.0,163.0
2019-08-21 03:52:59,277.0,163.0
2019-08-21 03:53:00,287.0,163.0
2019-08-21 03:53:01,295.0,162.0
2019-08-21 03:53:02,301.0,162.0
2019-08-21 03:53:03,303.0,161.0
2019-08-21 03:53:04,307.0,161.0
2019-08-21 03:53:05,307.0,161.0
2019-08-21 03:53:06,304.0,161.0
2019-08-21 03:53:07,303.0,159.0
2019-08-21 03:53:08,307.0,160.0
2019-08-21 03:53:09,310.0,159.0
2019-08-21 03:53:10,310.0,159.0
2019-08-21 03:53:11,307.0,159.0
2019-08-21 03:53:12,304.0,159.0
2019-08-21 03:53:13,304.0,159.0
2019-08-21 03:53:14,305.0,160.0
2019-08-21 03:53:15,304.0,160.0
2019-08-21 03:53:16,303.0,160.0
2019-08-21 03:53:17,303.0,160.0
2019-08-21 03:53:18,306.0,160.0
2019-08-21 03:53:19,310.0,160.0
2019-08-21 03:53:20,310.0,160.0
2019-08-21 03:53:21,310.0,160.0
2019-08-21 03:53:22,310.0,160.0
2019-08-21 03:53:23,311.0,159.0
2019-08-21 03:53:24,312.0,159.0
2019-08-21 03:53:25,312.0,159.0
2019-08-21 03:53:26,310.0,159.0
2019-08-21 03:53:27,312.0,159.0
2019-08-21 03:53:28,314.0,159.0
2019-08-21 03:53:29,314.0,160.0
2019-08-21 03:53:30,314.0,160.0
2019-08-21 03:53:31,323.0,160.0
2019-08-21 03:53:32,323.0,160.0
2019-08-21 03:53:33,325.0,159.0
2019-08-21 03:53:34,323.0,159.0
2019-08-21 03:53:35,322.0,159.0
2019-08-21 03:53:36,318.0,159.0
2019-08-21 03:53:37,308.0,159.0
2019-08-21 03:53:38,299.0,159.0
2019-08-21 03:53:39,298.0,159.0
2019-08-21 03:53:40,299.0,159.0
2019-08-21 03:53:41,298.0,159.0
2019-08-21 03:53:42,288.0,159.0
2019-08-21 03:53:43,280.0,159.0
2019-08-21 03:53:44,276.0,159.0
2019-08-21 03:53:45,273.0,159.0
2019-08-21 03:53:46,270.0,159.0
2019-08-21 03:53:47,271.0,158.0
2019-08-21 03:53:48,270.0,158.0
2019-08-21 03:53:49,276.0,158.0
2019-08-21 03:53:50,278.0,158.0
2019-08-21 03:53:51,278.0,158.0
2019-08-21 03:53:52,277.0,158.0
2019-08-21 03:53:53,276.0,158.0
2019-08-21 03:53:54,276.0,158.0
2019-08-21 03:53:55,279.0,158.0
2019-08-21 03:53:56,278.0,158.0
2019-08-21 03:53:57,282.0,158.0
2019-08-21 03:53:58,283.0,158.0
2019-08-21 03:53:59,281.0,158.0
2019-08-21 03:54:00,281.0,158.0
2019-08-21 03:54:01,282.0,158.0
2019-08-21 03:54:02,281.0,159.0
2019-08-21 03:54:03,278.0,159.0
2019-08-21 03:54:04,273.0,159.0
2019-08-21 03:54:05,272.0,159.0
2019-08-21 03:54:06,274.0,159.0
2019-08-21 03:54:07,275.0,159.0
2019-08-21 03:54:08,276.0,159.0
2019-08-21 03:54:09,279.0,159.0
2019-08-21 03:54:10,282.0,159.0
2019-08-21 03:54:11,284.0,159.0
2019-08-21 03:54:12,284.0,159.0
2019-08-21 03:54:13,281.0,159.0
2019-08-21 03:54:14,280.0,159.0
2019-08-21 03:54:15,280.0,160.0
2019-08-21 03:54:16,280.0,160.0
2019-08-21 03:54:17,281.0,161.0
2019-08-21 03:54:18,281.0,161.0
2019-08-21 03:54:19,281.0,161.0
2019-08-21 03:54:20,286.0,160.0
2019-08-21 03:54:21,291.0,159.0
2019-08-21 03:54:22,291.0,159.0
2019-08-21 03:54:23,292.0,159.0
2019-08-21 03:54:24,285.0,159.0
2019-08-21 03:54:25,283.0,159.0
2019-08-21 03:54:26,284.0,160.0
2019-08-21 03:54:27,281.0,160.0
2019-08-21 03:54:28,275.0,160.0
2019-08-21 03:54:29,272.0,160.0
2019-08-21 03:54:30,270.0,160.0
2019-08-21 03:54:31,269.0,159.0
2019-08-21 03:54:32,266.0,159.0
2019-08-21 03:54:33,266.0,159.0
2019-08-21 03:54:34,270.0,159.0
2019-08-21 03:54:35,270.0,159.0
2019-08-21 03:54:36,272.0,159.0
2019-08-21 03:54:37,281.0,159.0
2019-08-21 03:54:38,284.0,159.0
2019-08-21 03:54:39,283.0,159.0
2019-08-21 03:54:40,283.0,159.0
2019-08-21 03:54:41,281.0,160.0
2019-08-21 03:54:42,283.0,160.0
2019-08-21 03:54:43,283.0,159.0
2019-08-21 03:54:44,280.0,158.0
2019-08-21 03:54:45,280.0,157.0
2019-08-21 03:54:46,280.0,157.0
2019-08-21 03:54:47,286.0,157.0
2019-08-21 03:54:48,286.0,157.0
2019-08-21 03:54:49,286.0,157.0
2019-08-21 03:54:50,286.0,157.0
2019-08-21 03:54:51,288.0,158.0
2019-08-21 03:54:52,291.0,159.0
2019-08-21 03:54:53,291.0,160.0
2019-08-21 03:54:54,292.0,161.0
2019-08-21 03:54:55,293.0,162.0
2019-08-21 03:54:56,293.0,162.0
2019-08-21 03:54:57,293.0,161.0
2019-08-21 03:54:58,293.0,161.0
2019-08-21 03:54:59,293.0,160.0
2019-08-21 03:55:00,293.0,159.0
2019-08-21 03:55:01,293.0,157.0
2019-08-21 03:55:02,291.0,157.0
2019-08-21 03:55:03,291.0,157.0
2019-08-21 03:55:04,291.0,157.0
2019-08-21 03:55:05,294.0,157.0
2019-08-21 03:55:06,292.0,158.0
2019-08-21 03:55:07,286.0,157.0
2019-08-21 03:55:08,286.0,157.0
2019-08-21 03:55:09,283.0,157.0
2019-08-21 03:55:10,281.0,157.0
2019-08-21 03:55:11,277.0,156.0
2019-08-21 03:55:12,275.0,156.0
2019-08-21 03:55:13,274.0,156.0
2019-08-21 03:55:14,272.0,157.0
2019-08-21 03:55:15,272.0,157.0
2019-08-21 03:55:16,271.0,158.0
2019-08-21 03:55:17,270.0,159.0
2019-08-21 03:55:18,272.0,160.0
2019-08-21 03:55:19,273.0,160.0
2019-08-21 03:55:20,275.0,161.0
2019-08-21 03:55:21,274.0,161.0
2019-08-21 03:55:22,274.0,161.0
2019-08-21 03:55:23,274.0,161.0
2019-08-21 03:55:24,280.0,161.0
2019-08-21 03:55:25,281.0,161.0
2019-08-21 03:55:26,280.0,161.0
2019-08-21 03:55:27,280.0,161.0
2019-08-21 03:55:28,280.0,160.0
2019-08-21 03:55:29,284.0,160.0
2019-08-21 03:55:30,292.0,159.0
2019-08-21 03:55:31,289.0,159.0
2019-08-21 03:55:32,289.0,158.0
2019-08-21 03:55:33,291.0,158.0
2019-08-21 03:55:34,291.0,158.0
2019-08-21 03:55:35,292.0,158.0
2019-08-21 03:55:36,293.0,158.0
2019-08-21 03:55:37,296.0,158.0
2019-08-21 03:55:38,295.0,158.0
2019-08-21 03:55:39,295.0,158.0
2019-08-21 03:55:40,298.0,158.0
2019-08-21 03:55:41,297.0,158.0
2019-08-21 03:55:42,295.0,157.0
2019-08-21 03:55:43,289.0,157.0
2019-08-21 03:55:44,289.0,156.0
2019-08-21 03:55:45,287.0,156.0
2019-08-21 03:55:46,286.0,155.0
2019-08-21 03:55:47,286.0,155.0
2019-08-21 03:55:48,288.0,155.0
2019-08-21 03:55:49,286.0,155.0
2019-08-21 03:55:50,289.0,155.0
2019-08-21 03:55:51,288.0,155.0
2019-08-21 03:55:52,290.0,156.0
2019-08-21 03:55:53,288.0,156.0
2019-08-21 03:55:54,292.0,156.0
2019-08-21 03:55:55,295.0,156.0
2019-08-21 03:55:56,295.0,156.0
2019-08-21 03:55:57,296.0,156.0
2019-08-21 03:55:58,295.0,156.0
2019-08-21 03:55:59,293.0,156.0
2019-08-21 03:56:00,296.0,156.0
2019-08-21 03:56:01,298.0,156.0
2019-08-21 03:56:02,298.0,156.0
2019-08-21 03:56:03,299.0,156.0
2019-08-21 03:56:04,296.0,156.0
2019-08-21 03:56:05,295.0,156.0
2019-08-21 03:56:06,298.0,156.0
2019-08-21 03:56:07,299.0,156.0
2019-08-21 03:56:08,299.0,156.0
2019-08-21 03:56:09,297.0,156.0
2019-08-21 03:56:10,300.0,156.0
2019-08-21 03:56:11,299.0,156.0
2019-08-21 03:56:12,301.0,156.0
2019-08-21 03:56:13,301.0,156.0
2019-08-21 03:56:14,300.0,156.0
2019-08-21 03:56:15,298.0,156.0
2019-08-21 03:56:16,296.0,155.0
2019-08-21 03:56:17,296.0,156.0
2019-08-21 03:56:18,297.0,156.0
2019-08-21 03:56:19,300.0,156.0
2019-08-21 03:56:20,296.0,156.0
2019-08-21 03:56:21,292.0,156.0
2019-08-21 03:56:22,292.0,156.0
2019-08-21 03:56:23,292.0,155.0
2019-08-21 03:56:24,295.0,155.0
2019-08-21 03:56:25,296.0,154.0
2019-08-21 03:56:26,299.0,155.0
2019-08-21 03:56:27,303.0,155.0
2019-08-21 03:56:28,304.0,155.0
2019-08-21 03:56:29,306.0,155.0
2019-08-21 03:56:30,306.0,155.0
2019-08-21 03:56:31,305.0,155.0
2019-08-21 03:56:32,305.0,156.0
2019-08-21 03:56:33,305.0,156.0
2019-08-21 03:56:34,308.0,156.0
2019-08-21 03:56:35,311.0,156.0
2019-08-21 03:56:36,316.0,156.0
2019-08-21 03:56:37,318.0,157.0
2019-08-21 03:56:38,319.0,157.0
2019-08-21 03:56:39,319.0,158.0
2019-08-21 03:56:40,321.0,158.0
2019-08-21 03:56:41,321.0,158.0
2019-08-21 03:56:42,323.0,158.0
2019-08-21 03:56:43,324.0,158.0
2019-08-21 03:56:44,324.0,159.0
2019-08-21 03:56:45,327.0,158.0
2019-08-21 03:56:46,327.0,158.0
2019-08-21 03:56:47,331.0,159.0
2019-08-21 03:56:48,331.0,159.0
2019-08-21 03:56:49,328.0,158.0
2019-08-21 03:56:50,323.0,159.0
2019-08-21 03:56:51,321.0,158.0
2019-08-21 03:56:52,317.0,158.0
2019-08-21 03:56:53,316.0,158.0
2019-08-21 03:56:54,319.0,159.0
2019-08-21 03:56:55,320.0,159.0
2019-08-21 03:56:56,323.0,159.0
2019-08-21 03:56:57,320.0,159.0
2019-08-21 03:56:58,316.0,158.0
2019-08-21 03:56:59,314.0,158.0
2019-08-21 03:57:00,313.0,157.0
2019-08-21 03:57:01,312.0,157.0
2019-08-21 03:57:02,312.0,157.0
2019-08-21 03:57:03,316.0,157.0
2019-08-21 03:57:04,319.0,157.0
2019-08-21 03:57:05,319.0,157.0
2019-08-21 03:57:06,323.0,158.0
2019-08-21 03:57:07,325.0,158.0
2019-08-21 03:57:08,321.0,159.0
2019-08-21 03:57:09,319.0,158.0
2019-08-21 03:57:10,318.0,159.0
2019-08-21 03:57:11,316.0,159.0
2019-08-21 03:57:12,313.0,160.0
2019-08-21 03:57:13,309.0,160.0
2019-08-21 03:57:14,305.0,161.0
2019-08-21 03:57:15,305.0,161.0
2019-08-21 03:57:16,300.0,161.0
2019-08-21 03:57:17,300.0,160.0
2019-08-21 03:57:18,299.0,159.0
2019-08-21 03:57:19,293.0,159.0
2019-08-21 03:57:20,294.0,159.0
2019-08-21 03:57:21,296.0,160.0
2019-08-21 03:57:22,295.0,160.0
2019-08-21 03:57:23,297.0,161.0
2019-08-21 03:57:24,297.0,161.0
2019-08-21 03:57:25,299.0,161.0
2019-08-21 03:57:26,299.0,161.0
2019-08-21 03:57:27,293.0,162.0
2019-08-21 03:57:28,287.0,162.0
2019-08-21 03:57:29,284.0,162.0
2019-08-21 03:57:30,285.0,163.0
2019-08-21 03:57:31,282.0,164.0
2019-08-21 03:57:32,279.0,164.0
2019-08-21 03:57:33,275.0,163.0
2019-08-21 03:57:34,273.0,162.0
2019-08-21 03:57:35,274.0,162.0
2019-08-21 03:57:36,270.0,162.0
2019-08-21 03:57:37,276.0,161.0
2019-08-21 03:57:38,280.0,161.0
2019-08-21 03:57:39,281.0,160.0
2019-08-21 03:57:40,282.0,160.0
2019-08-21 03:57:41,280.0,159.0
2019-08-21 03:57:42,282.0,159.0
2019-08-21 03:57:43,284.0,159.0
2019-08-21 03:57:44,286.0,159.0
2019-08-21 03:57:45,291.0,158.0
2019-08-21 03:57:46,297.0,158.0
2019-08-21 03:57:47,302.0,158.0
2019-08-21 03:57:48,308.0,158.0
2019-08-21 03:57:49,309.0,158.0
2019-08-21 03:57:50,308.0,157.0
2019-08-21 03:57:51,310.0,157.0
2019-08-21 03:57:52,310.0,157.0
2019-08-21 03:57:53,309.0,157.0
2019-08-21 03:57:54,309.0,157.0
2019-08-21 03:57:55,305.0,157.0
2019-08-21 03:57:56,304.0,157.0
2019-08-21 03:57:57,301.0,157.0
2019-08-21 03:57:58,304.0,158.0
2019-08-21 03:57:59,301.0,158.0
2019-08-21 03:58:00,301.0,158.0
2019-08-21 03:58:01,300.0,158.0
2019-08-21 03:58:02,300.0,158.0
2019-08-21 03:58:03,300.0,158.0
2019-08-21 03:58:04,294.0,158.0
2019-08-21 03:58:05,294.0,158.0
2019-08-21 03:58:06,294.0,158.0
2019-08-21 03:58:07,294.0,158.0
2019-08-21 03:58:08,294.0,158.0
2019-08-21 03:58:09,296.0,157.0
2019-08-21 03:58:10,296.0,157.0
2019-08-21 03:58:11,299.0,156.0
2019-08-21 03:58:12,304.0,156.0
2019-08-21 03:58:13,307.0,156.0
2019-08-21 03:58:14,313.0,156.0
2019-08-21 03:58:15,313.0,156.0
2019-08-21 03:58:16,311.0,157.0
2019-08-21 03:58:17,311.0,157.0
2019-08-21 03:58:18,310.0,158.0
2019-08-21 03:58:19,309.0,158.0
2019-08-21 03:58:20,309.0,158.0
2019-08-21 03:58:21,292.0,158.0
2019-08-21 03:58:22,292.0,158.0
2019-08-21 03:58:23,289.0,157.0
2019-08-21 03:58:24,283.0,157.0
2019-08-21 03:58:25,283.0,156.0
2019-08-21 03:58:26,286.0,156.0
2019-08-21 03:58:27,285.0,156.0
2019-08-21 03:58:28,306.0,157.0
2019-08-21 03:58:29,347.0,158.0
2019-08-21 03:58:30,347.0,159.0
2019-08-21 03:58:31,362.0,159.0
2019-08-21 03:58:32,373.0,158.0
2019-08-21 03:58:33,378.0,158.0
2019-08-21 03:58:34,384.0,159.0
2019-08-21 03:58:35,391.0,160.0
2019-08-21 03:58:36,400.0,161.0
2019-08-21 03:58:37,407.0,161.0
2019-08-21 03:58:38,409.0,162.0
2019-08-21 03:58:39,409.0,162.0
2019-08-21 03:58:40,407.0,163.0
2019-08-21 03:58:41,404.0,163.0
2019-08-21 03:58:42,377.0,164.0
2019-08-21 03:58:43,347.0,164.0
